key,carte,shape,image,text_fr,text_en,desc_fr,desc_en,example_fr,example_en,latin,proverbe,link_fr,link_en

root,,diamond,,Arguments fallacieux,,,,,,,,https://fr.wikipedia.org/wiki/Sophisme,
1,,square,,Insuffisance,,,,,,,,,
1.1,,circle,,Argument désinvolte,,,,,,,,,
1.1.1,,circle,,Discours baclé,,,,,,,,,
1.1.1.1,,circle,,Preuve anecdotique,,,,,,,,http://rationalwiki.org/wiki/Anecdotal_evidence,
1.1.1.1.1,,circle,,Argument par ouïe dire,,,,,,,,https://www.logicallyfallacious.com/tools/lp/Bo/LogicalFallacies/52/Argument-from-Hearsay,
1.1.1.1.2,,circle,,Hypothèse contraire aux faits,,,,,,,,https://www.logicallyfallacious.com/tools/lp/Bo/LogicalFallacies/106/Hypothesis-Contrary-to-Fact,
1.1.1.1.3,,circle,,Sophisme pragmatique,,,,,,,,http://rationalwiki.org/wiki/Pragmatic_fallacy,
1.1.1.1.3.1,,circle,,La pendule cassée,,,,,,,,http://rationalwiki.org/wiki/Stopped_clock,
1.1.1.1.4,,circle,,Argument de l'ami,,,,,,,,http://rationalwiki.org/wiki/Argument_de_l%27ami,
1.1.1.1.5,,circle,,Je sais quand je le vois,,,,,,,,https://en.wikipedia.org/wiki/I_know_it_when_I_see_it,
1.1.1.1.6,,circle,,Appel à la fiction,,,,,,,,http://rationalwiki.org/wiki/Generalization_from_fictional_evidence,
1.1.1.2,,circle,,Pratique courante,,,,,,,,http://www.nizkor.org/features/fallacies/appeal-to-common-practice.html,
1.1.1.2.1,,circle,,Certitude supposée,,,,,,,,https://www.logicallyfallacious.com/tools/lp/Bo/LogicalFallacies/15/Alleged-Certainty,
1.1.1.2.2,,circle,,Appel à la normalité,,,,,,,,https://www.logicallyfallacious.com/tools/lp/Bo/LogicalFallacies/37/Appeal-to-Normality,
1.1.1.2.3,,circle,,Appel au péquin moyen,,,,,,,,https://www.logicallyfallacious.com/tools/lp/Bo/LogicalFallacies/25/Appeal-to-Common-Folk,
1.1.1.2.4,,circle,,Renforcement communal,,,,,,,,http://skepdic.com/communalreinforcement.html,
1.1.1.2.5,,circle,,Appel au sens commun (ad judicium ),,,,,,,,http://www.don-lindsay-archive.org/skeptic/arguments.html#commonsense,
1.1.1.3,,circle,,Sophisme du psychologue,,,,,,,,https://en.wikipedia.org/wiki/Psychologist%27s_fallacy,
1.1.1.3.1,,circle,,Projection mentale,,,,,,,,https://en.wikipedia.org/wiki/Mind_projection_fallacy,
1.1.2,,circle,,Sauvetage ad-hoc,,,,,,,,https://www.logicallyfallacious.com/tools/lp/Bo/LogicalFallacies/8/Ad-Hoc-Rescue,
1.1.2.1,,circle,,Le marteau en or / solution à tous les problèmes,,,,,,,,http://rationalwiki.org/wiki/Golden_hammer,
1.1.2.1.1,,circle,,Fausseté fractale,,,,,,,,http://rationalwiki.org/wiki/Fractal_wrongness,
1.1.2.1.2,,circle,,Confondre inexpliqué et inexpliquable,,,,,,,,http://www.charlatans.info/logique22.shtml#inexplique,
1.1.2.1.2.1,,circle,,Le sophisme Didit,,,,,,,,http://rationalwiki.org/wiki/Didit_fallacy,
1.1.2.1.2.1.1,,circle,,Dieu des trous,,,,,,,,http://rationalwiki.org/wiki/God_of_the_gaps,
1.1.2.2,,circle,,Argument par le scénario,,,,,,,,http://www.don-lindsay-archive.org/skeptic/arguments.html#scenario,
1.1.2.3,,circle,,Rationalisation (Trouver des excuses),,,,,,,,https://www.logicallyfallacious.com/tools/lp/Bo/LogicalFallacies/149/Rationalization,
1.1.2.3.1,,circle,,Hypothèse farfelue,,,,,,,,https://www.logicallyfallacious.com/tools/lp/Bo/LogicalFallacies/96/Far-Fetched-Hypothesis,
1.1.2.3.1.1,,circle,,Familiarité étonante,,,,,,,,http://www.don-lindsay-archive.org/skeptic/arguments.html#familiarity,
1.1.2.4,,circle,,Effet rebond,,,,,,,,https://fr.wiktionary.org/wiki/effet_rebond#fr,
1.1.2.5,,circle,,Tiré de mon cul (ex culo),,,,,,,,http://rationalwiki.org/wiki/Argumentum_ex_culo,
1.1.2.5.1,,circle,,Just-so story,,,,,,,,https://fr.wikipedia.org/wiki/Just-so_story,
1.1.3,,circle,,Argument vide,,,,,,,,,
1.1.3.1,,circle,,Appel à l'ignorance (ad ignorantiam),,,,,,,,https://fr.wikipedia.org/wiki/Appel_%C3%A0_l%27ignorance,
1.1.3.1.1,,circle,,Ignorance assumée,,,,,,,,#7a35832c-dd16-4372-b534-241556541234,
1.1.3.1.1.1,,circle,,Ignorance invincible,,,,,,,,http://www.ditext.com/fearnside/28.html,
1.1.3.1.1.2,,circle,,Tabou,,,,,,,,https://fr.wikipedia.org/wiki/Tabou,
1.1.3.1.2,,circle,,Appel au mystère,,,,,,,,http://rationalwiki.org/wiki/Appeal_to_mystery,
1.1.3.1.2.1,,circle,,La science ne sait pas tout,,,,,,,,http://rationalwiki.org/wiki/Science_doesn%27t_know_everything,
1.1.3.1.3,,circle,,Appel à l'incrédulité,,,,,,,,http://rationalwiki.org/wiki/Argument_from_incredulity,
1.1.3.1.3.1,,circle,,Sophisme divin,,,,,,,,http://skepdic.com/dvinefal.html,
1.1.3.1.3.2,,circle,,Argument par la stupéfaction,,,,,,,,http://www.don-lindsay-archive.org/skeptic/arguments.html#astonishment,
1.1.3.1.4,,circle,,Preuve par l'absence,,,,,,,,https://cortecs.org/materiel/sophisme-le-repulsif-anti-girafe/,
1.1.3.1.5,,circle,,Appel à la complexité,,,,,,,,http://www.don-lindsay-archive.org/skeptic/arguments.html#complexity,
1.1.3.1.6,,circle,,Appel à l'omniscience,,,,,,,,http://rationalwiki.org/wiki/Appeal_to_omniscience,
1.1.3.1.6.1,,circle,,Sophisme de Sherlock Holmes,,,,,,,,http://rationalwiki.org/wiki/Holmesian_fallacy,
1.1.3.2,,circle,,Appel au desespoir,,,,,,,,https://www.logicallyfallacious.com/tools/lp/Bo/LogicalFallacies/28/Appeal-to-Desperation,
1.1.3.2.1,,circle,,Syllogisme du politicien,,,,,,,,1f82a972-e177-4e69-8a71-dbce97ef6749,
1.1.3.3,,circle,,Pensée magique,,,,,,,,https://www.logicallyfallacious.com/tools/lp/Bo/LogicalFallacies/123/Magical-Thinking,
1.1.3.3.1,,circle,,Appel au ciel,,,,,,,,https://www.logicallyfallacious.com/tools/lp/Bo/LogicalFallacies/35/Appeal-to-Heaven,
1.1.3.3.2,,circle,,Superstition,,,,,,,,http://skepdic.com/superstition.html,
1.1.3.4,,circle,,Pensée Cliché,,,,,,,,http://www.don-lindsay-archive.org/skeptic/arguments.html#cliche,
1.1.3.4.1,,circle,,L'exception confirme la règle,,,,,,,,http://www.don-lindsay-archive.org/skeptic/arguments.html#proves_the_rule,
1.1.3.4.2,,circle,,En théorie et en pratique,,,,,,,,https://fr.wikisource.org/wiki/L%E2%80%99Art_d%E2%80%99avoir_toujours_raison/Stratag%C3%A8me_XXXIII,
1.1.3.4.3,,circle,,Snowclone,,,,,,,,https://fr.wikipedia.org/wiki/Snowclone,
1.1.3.4.4,,circle,,Lapalissade,,,,,,,,https://fr.wikipedia.org/wiki/Lapalissade,
1.1.3.4.5,,circle,,Bromure,,,,,,,,https://en.wikipedia.org/wiki/Bromide_(language),
1.2,,circle,,Préjugé,,,,,,,,,
1.2.1,,circle,,Argument d'autorité,,,,,,,,https://fr.wikipedia.org/wiki/Argument_d%27autorit%C3%A9,
1.2.1.1,,circle,,Par le pouvoir (Argumentum ad potentiam),,,,,,,,https://fr.wikipedia.org/wiki/Argument_d%27autorit%C3%A9,
1.2.1.1.1,,circle,,Argument d'autorité aveugle,,,,,,,,https://www.logicallyfallacious.com/tools/lp/Bo/LogicalFallacies/62/Blind-Authority-Fallacy,
1.2.1.1.1.1,,circle,,Juste parce que,,,,,,,,https://www.logicallyfallacious.com/tools/lp/Bo/LogicalFallacies/115/Just-Because-Fallacy,
1.2.1.1.2,,circle,,Appel à la confiance,,,,,,,,http://rationalwiki.org/wiki/Appeal_to_confidence,
1.2.1.1.3,,circle,,Autorité invicible,,,,,,,,http://rationalwiki.org/wiki/Invincible_authority,
1.2.1.2,,circle,,Par le respect (ad verecundiam),,,,,,,,https://fr.wikipedia.org/wiki/Argument_d%27autorit%C3%A9,
1.2.1.2.1,,circle,,Appel à l'accomplissement,,,,,,,,https://en.wikipedia.org/wiki/Appeal_to_accomplishment,
1.2.1.2.1.1,,circle,,Appel à la lune,,,,,,,,https://www.logicallyfallacious.com/tools/lp/Bo/LogicalFallacies/43/Appeal-to-the-Moon,
1.2.1.2.1.2,,circle,,Appel à la conversion,,,,,,,,https://www.logicallyfallacious.com/tools/lp/Bo/LogicalFallacies/166/Statement-of-Conversion,
1.2.1.2.1.3,,circle,,Appel à la célébrité,,,,,,,,http://www.fallacyfiles.org/apcelebs.html,
1.2.1.2.2,,circle,,Appel à l'humilité,,,,,,,,http://www.charlatans.info/logique-suite.shtml#humilite,
1.2.1.3,,circle,,Ultracrepidarianisme,,,,,,,,http://rationalwiki.org/wiki/Ultracrepidarianism,
1.2.1.3.1,,circle,,Professeur de rien,,,,,,,,http://rationalwiki.org/wiki/Professor_of_nothing,
1.2.1.3.2,,circle,,Autorité Anonyme,,,,,,,,https://www.logicallyfallacious.com/tools/lp/Bo/LogicalFallacies/18/Anonymous-Authority,
1.2.1.3.3,,circle,,Ipse Dixit,,,,,,,,http://rationalwiki.org/wiki/Ipse_dixit,
1.2.1.3.3.1,,circle,,Autothéisme par procuration,,,,,,,,http://rationalwiki.org/wiki/Vicarious_autotheism,
1.2.1.3.3.1.1,,circle,,Chrétienté de cafétaria,,,,,,,,http://rationalwiki.org/wiki/Cafeteria_Christian,
1.2.2,,circle,,Sophisme naturaliste,,,,,,,,https://fr.wikipedia.org/wiki/Paralogisme_naturaliste,
1.2.2.1,,circle,,Sophisme est-doit,,,,,,,,http://www.bargain-storage.com/uploads/9/8/7/4/9874916/attacking.faulty.reasoning.a.practical.guide.to.fallacyfree.arguments.pdf#page=158,
1.2.2.2,,circle,,Raison de la majorité (ad populum),,,,,,,,https://fr.wikipedia.org/wiki/Argumentum_ad_populum,
1.2.2.2.1,,circle,,3 hommes font un tigre,,,,,,,,https://en.wikipedia.org/wiki/Three_men_make_a_tiger,
1.2.2.2.2,,circle,,Agiter le drapeau,,,,,,,,https://en.wikipedia.org/wiki/Flag-waving,
1.2.2.2.3,,circle,,Boire le Kool Aid,,,,,,,,https://en.wikipedia.org/wiki/Drinking_the_Kool-Aid,
1.2.2.2.4,,circle,,Ad numerum,,,,,,,,https://infidels.org/library/modern/mathew/logic.html#numerum,
1.2.2.3,,circle,,Appel à la tradition,,,,,,,,https://fr.wikipedia.org/wiki/Argumentum_ad_antiquitatem,
1.2.2.3.1,,circle,,Argument de l'age (ad antiquitatem),,,,,,,,https://www.logicallyfallacious.com/tools/lp/Bo/LogicalFallacies/50/Argument-from-Age,
1.2.2.3.2,,circle,,Pas inventé ici,,,,,,,,https://en.wikipedia.org/wiki/Not_invented_here,
1.2.2.4,,circle,,Appel à la nature,,,,,,,,https://en.wikipedia.org/wiki/Appeal_to_nature,
1.2.2.4.1,,circle,,Ecoblanchiment (greenwashing),,,,,,,,https://fr.wikipedia.org/wiki/%C3%89coblanchiment,
1.2.2.4.2,,circle,,Technophobie,,,,,,,,https://fr.wikipedia.org/wiki/Technophobie,
1.2.2.4.3,,circle,,Le bon sauvage,,,,,,,,https://fr.wikipedia.org/wiki/Bon_sauvage,
1.2.3,,circle,,Sophisme moraliste,,,,,,,,https://en.wikipedia.org/wiki/Moralistic_fallacy,
1.2.3.1,,circle,,Appel à la foi,,,,,,,,https://www.logicallyfallacious.com/tools/lp/Bo/LogicalFallacies/31/Appeal-to-Faith,
1.2.3.1.1,,circle,,Argument par la futur,,,,,,,,http://www.don-lindsay-archive.org/skeptic/arguments.html#future,
1.2.3.2,,circle,,Argument de la nouveauté (ad novitatem),,,,,,,,https://fr.wikipedia.org/wiki/Argumentum_ad_novitatem,
1.2.3.2.1,,circle,,Snobisme chronologique,,,,,,,,https://en.wikipedia.org/wiki/Chronological_snobbery,
1.2.3.3,,circle,,moral high ground fallacy,,,,,,,,https://en.wikipedia.org/wiki/Moral_high_ground#Everyday_use,
1.2.3.3.1,,circle,,Snobbisme,,,,,,,,https://fr.wikipedia.org/wiki/Snob,
1.2.3.3.1.1,,circle,,Elitisme,,,,,,,,https://fr.wikipedia.org/wiki/%C3%89litisme,
1.2.3.3.2,,circle,,Argument du politiquement correct,,,,,,,,https://www.logicallyfallacious.com/tools/lp/Bo/LogicalFallacies/141/Political-Correctness-Fallacy,
1.2.3.3.2.1,,circle,,Blasphème,,,,,,,,http://skepdic.com/blasphemy.html,
1.2.3.3.2.2,,circle,,Manquement à l'étiquette,,,,,,,,https://fr.wikipedia.org/wiki/%C3%89tiquette_(code),
1.2.3.4,,circle,,Le style avant la substance,,,,,,,,https://www.logicallyfallacious.com/tools/lp/Bo/LogicalFallacies/170/Style-Over-Substance,
1.2.3.4.1,,circle,,Argument du design,,,,,,,,,
1.2.3.4.1.1,,circle,,Argument de la beauté,,,,,,,,http://rationalwiki.org/wiki/Argument_from_beauty,
1.2.3.4.2,,circle,,Preuve par le droit,,,,,,,,https://www.logicallyfallacious.com/tools/lp/Bo/LogicalFallacies/157/Rights-To-Ought-Fallacy,
1.2.3.5,,circle,,Sophismes d'argent,,,,,,,,,
1.2.3.5.1,,circle,,Raison du plus riche (ad crumenam),,,,,,,,https://fr.wikipedia.org/wiki/Argumentum_ad_crumenam,
1.2.3.5.2,,circle,,Raison du plus pauvre (ad lazarum),,,,,,,,https://fr.wikipedia.org/wiki/Argumentum_ad_lazarum,
1.3,,circle,,Surinterprétation,,,,,,,,,
1.3.1,,circle,,Sophisme ludique,,,,,,,,https://en.wikipedia.org/wiki/Ludic_fallacy,
1.3.1.1,,circle,,sophisme quantitatif,,,,,,,,https://en.wikipedia.org/wiki/McNamara_fallacy,
1.3.1.2,,circle,,Biais rétrospectif,,,,,,,,https://fr.wikipedia.org/wiki/Biais_r%C3%A9trospectif,
1.3.1.2.1,,circle,,Sophisme de l'historien,,,,,,,,https://en.wikipedia.org/wiki/Historian%27s_fallacy,
1.3.1.2.2,,circle,,Déterminisme rétrospectif,,,,,,,,https://en.wikipedia.org/wiki/Retrospective_determinism,
1.3.1.2.3,,circle,,Clarivoyance rétroactive,,,,,,,,http://skepdic.com/retroactiveclairvoyance.html,
1.3.1.3,,circle,,La pompe à intuition,,,,,,,,http://rationalwiki.org/wiki/Intuition_pump,
1.3.1.4,,circle,,Sophisme etymologique,,,,,,,,https://en.wikipedia.org/wiki/Etymological_fallacy,
1.3.1.5,,circle,,Simplification abusive,,,,,,,,http://www.don-lindsay-archive.org/skeptic/arguments.html#reductive,
1.3.1.6,,circle,,Sophisme de l'expérience cruciale,,,,,,,,http://www.don-lindsay-archive.org/skeptic/arguments.html#crucial_experiment,
1.3.1.7,,circle,,Fausse implication,,,,,,,,http://skepdic.com/falseimplication.html,
1.3.2,,circle,,Mauvaises raisons,,,,,,,,http://www.fallacyfiles.org/badreasn.html,
1.3.2.1,,circle,,Argument du sophisme,,,,,,,,http://www.fallacyfiles.org/fallfall.html,
1.3.2.1.1,,circle,,Substituer des explications pour des prémisses,,,,,,,,http://rationalwiki.org/wiki/Substituting_explanation_for_premise,
1.3.2.2,,circle,,A qui profite le crime? (Cui Bono),,,,,,,,https://fr.wikipedia.org/wiki/Cui_bono,
1.3.2.2.1,,circle,,Suivez l'argent,,,,,,,,https://en.wikipedia.org/wiki/Follow_the_money,
1.3.2.3,,circle,,Appel au motif,,,,,,,,https://en.wikipedia.org/wiki/Appeal_to_motive,
1.3.2.3.1,,circle,,Appel à l'intention éditoriale,,,,,,,,https://en.wikipedia.org/wiki/Authorial_intent#New_Criticism,
1.3.2.3.2,,circle,,Procès d'intention,,,,,,,,https://fr.wikipedia.org/wiki/Proc%C3%A8s_d%27intention,
1.3.2.3.3,,circle,,Sophisme psychogénétique,,,,,,,,http://www.don-lindsay-archive.org/skeptic/arguments.html#psycho,
1.3.2.3.3.1,,circle,,Ad iram,,,,,,,,http://rationalwiki.org/wiki/Ad_iram,
1.3.2.3.3.1.1,,circle,,La colère est une faiblesse,,,,,,,,https://fr.wikisource.org/wiki/L%E2%80%99Art_d%E2%80%99avoir_toujours_raison/Stratag%C3%A8me_XXVII,
1.3.2.3.3.2,,circle,,Ad feminam,,,,,,,,http://www.thefreedictionary.com/Argumentum+ad+feminam,
1.3.3,,circle,,Manque de parcimonie (rasoir d'Ockham),,,,,,,,https://fr.wikipedia.org/wiki/Rasoir_d%27Ockham,
1.3.3.1,,circle,,Rasoir d'Hanlon,,,,,,,,http://rationalwiki.org/wiki/Hanlon%27s_razor,
1.3.3.2,,circle,,Principe de charité,,,,,,,,https://fr.wikipedia.org/wiki/Principe_de_charit%C3%A9,
1.3.3.2.1,,circle,,Homme de paille,,,,,,,,https://fr.wikipedia.org/wiki/%C3%89pouvantail_(rh%C3%A9torique),
1.3.3.3,,circle,,Canon de Morgan,,,,,,,,https://fr.wikipedia.org/wiki/Pathetic_fallacy,
1.3.3.3.1,,circle,,Sophisme animiste,,,,,,,,#9e1c3834-3d6d-4164-8c95-3f9b19aa6f9f,
1.3.3.3.1.1,,circle,,Sophisme pathétique,,,,,,,,https://fr.wikipedia.org/wiki/Pathetic_fallacy,
1.3.3.4,,circle,,Apophénie,,,,,,,,http://skepdic.com/apophenia.html,
1.3.3.5,,circle,,Paréidolie,,,,,,,,https://fr.wikipedia.org/wiki/Par%C3%A9idolie,
2,,square,,Influence,,,,,,,,,
2.1,,circle,,Procédé Rhétorique,,,,,,,,https://en.wikipedia.org/wiki/Rhetorical_device,
2.1.1,,circle,,Langage chargé,,,,,,,,https://en.wikipedia.org/wiki/Loaded_language,
2.1.1.1,,circle,,Argument par la question,,,,,,,,http://www.don-lindsay-archive.org/skeptic/arguments.html#question,
2.1.1.1.1,,circle,,Compliquer les questions (plurium interrogationum),,,,,,,,https://fr.wikipedia.org/wiki/Plurium_interrogationum,
2.1.1.1.1.1,,circle,,Question rhétorique,,,,,,,,http://www.don-lindsay-archive.org/skeptic/arguments.html#rhetorical_question,
2.1.1.1.2,,circle,,Question à deux volets (question complexe),,,,,,,,https://en.wikipedia.org/wiki/Double-barreled_question,
2.1.1.1.3,,circle,,Fausse alternative,,,,,,,,https://www.logicallyfallacious.com/tools/lp/Bo/LogicalFallacies/16/Alternative-Advance,
2.1.1.2,,circle,,Pétition de principe,,,,,,,,https://fr.wikipedia.org/wiki/P%C3%A9tition_de_principe,
2.1.1.3,,circle,,Définition persuasive,,,,,,,,https://en.wikipedia.org/wiki/Persuasive_definition,
2.1.1.3.1,,circle,,Mots fouines,,,,,,,,https://en.wikipedia.org/wiki/Weasel_word,
2.1.1.3.2,,circle,,Langage idiosynchratique,,,,,,,,http://www.ditext.com/fearnside/51.html,
2.1.1.3.2.1,,circle,,Elément de langage,,,,,,,,https://fr.wikipedia.org/wiki/%C3%89l%C3%A9ment_de_langage,
2.1.1.3.2.2,,circle,,Double langage,,,,,,,,https://en.wikipedia.org/wiki/Doublespeak,
2.1.1.3.2.3,,circle,,Jargon corporate,,,,,,,,https://en.wikipedia.org/wiki/Corporate_jargon,
2.1.1.3.2.4,,circle,,Blabla technologique,,,,,,,,http://rationalwiki.org/wiki/Technobabble,
2.1.1.3.2.5,,circle,,Buzzword,,,,,,,,https://fr.wikipedia.org/wiki/Buzzword,
2.1.1.4,,circle,,Poncif bloquant la pensée,,,,,,,,https://fr.wikipedia.org/wiki/Thought-terminating_clich%C3%A9,
2.1.1.4.1,,circle,,L'argument par slogant,,,,,,,,http://www.don-lindsay-archive.org/skeptic/arguments.html#slogan,
2.1.1.4.2,,circle,,Petite phrase,,,,,,,,https://fr.wikipedia.org/wiki/Petite_phrase,
2.1.1.4.3,,circle,,Pensée Cliché,,,,,,,,http://www.don-lindsay-archive.org/skeptic/arguments.html#cliche,
2.1.1.4.4,,circle,,Technique du carpaccio,,,,,,,,https://cortecs.org/materiel/scenarisation-de-linformation-la-technique-du-carpaccio/,
2.1.1.5,,circle,,Preuve par intimidation,,,,,,,,https://en.wikipedia.org/wiki/Proof_by_intimidation,
2.1.1.5.1,,circle,,Argument par le jargon prestigieux,,,,,,,,http://www.don-lindsay-archive.org/skeptic/arguments.html#jargon,
2.1.1.5.2,,circle,,Impressioner par les grands nombres,,,,,,,,http://www.ditext.com/fearnside/17.html,
2.1.1.5.3,,circle,,Argument par le charabia,,,,,,,,http://www.don-lindsay-archive.org/skeptic/arguments.html#gibberish,
2.1.1.5.4,,circle,,Effet impact,,,,,,,,https://cortecs.org/materiel/leffet-impact/,
2.1.1.5.5,,circle,,Effet puits,,,,,,,,https://cortecs.org/materiel/leffet-puits/,
2.1.1.6,,circle,,Langage préjudiciable,,,,,,,,https://www.logicallyfallacious.com/tools/lp/Bo/LogicalFallacies/143/Prejudicial-Language,
2.1.1.6.1,,circle,,Politique du sifflet de chien,,,,,,,,https://en.wikipedia.org/wiki/Dog-whistle_politics,
2.1.1.6.2,,circle,,Grossièreté,,,,,,,,https://en.wikipedia.org/wiki/Rudeness,
2.1.1.6.2.1,,circle,,Effet Nasty,,,,,,,,http://skepdic.com/nastyeffect.html,
2.1.1.6.3,,circle,,Langage catégorique,,,,,,,,https://en.wikipedia.org/wiki/Judgmental_language,
2.1.2,,circle,,Humour,,,,,,,,,
2.1.2.1,,circle,,Comique,,,,,,,,https://fr.wikipedia.org/wiki/Comique,
2.1.2.1.1,,circle,,Blague,,,,,,,,https://en.wikipedia.org/wiki/Joke,
2.1.2.1.2,,circle,,Absurde,,,,,,,,https://fr.wikipedia.org/wiki/Humour_absurde,
2.1.2.1.2.1,,circle,,Amphigouri,,,,,,,,https://fr.wikipedia.org/wiki/Amphigouri,
2.1.2.1.2.2,,circle,,Burlesque,,,,,,,,https://fr.wikipedia.org/wiki/Burlesque,
2.1.2.1.2.3,,circle,,Paradoxe du menteur,,,,,,,,https://fr.wikipedia.org/wiki/Paradoxe_du_menteur,
2.1.2.1.3,,circle,,Jeu de mots,,,,,,,,https://fr.wikipedia.org/wiki/Jeu_de_mots,
2.1.2.1.3.1,,circle,,Calembour,,,,,,,,https://fr.wikipedia.org/wiki/Calembour,
2.1.2.1.3.2,,circle,,Double sens,,,,,,,,https://fr.wikipedia.org/wiki/Double_sens_(figure_de_style),
2.1.2.1.3.2.1,,circle,,Contrepèterie,,,,,,,,https://fr.wikipedia.org/wiki/Contrep%C3%A8terie,
2.1.2.2,,circle,,Satire,,,,,,,,https://fr.wikipedia.org/wiki/Satire,
2.1.2.2.1,,circle,,Mot d'esprit,,,,,,,,https://fr.wikipedia.org/wiki/Mot_d%27esprit,
2.1.2.2.2,,circle,,Exagération,,,,,,,,,
2.1.2.2.2.1,,circle,,Caricature,,,,,,,,https://fr.wikipedia.org/wiki/Caricature,
2.1.2.2.2.2,,circle,,Parodie,,,,,,,,https://fr.wikipedia.org/wiki/Parodie,
2.1.2.2.2.2.1,,circle,,Wellerisme,,,,,,,,https://fr.wikipedia.org/wiki/Wellerisme,
2.1.2.2.2.2.2,,circle,,Antiparémie,,,,,,,,https://fr.wikipedia.org/wiki/Antipar%C3%A9mie,
2.1.2.2.3,,circle,,Ironie,,,,,,,,https://fr.wikipedia.org/wiki/Ironie,
2.1.2.2.3.1,,circle,,Ironie Situationnelle,,,,,,,,https://fr.wikipedia.org/wiki/Ironie#L.27ironie_situationnelle,
2.1.2.2.3.2,,circle,,Ironie Socratique,,,,,,,,https://fr.wikipedia.org/wiki/Ironie_socratique,
2.1.2.2.3.2.1,,circle,,Sarcasme,,,,,,,,https://fr.wikipedia.org/wiki/Sarcasme,
2.1.2.3,,circle,,Cynisme,,,,,,,,https://fr.wikipedia.org/wiki/Cynisme_(contemporain),
2.1.2.3.1,,circle,,Humour noir,,,,,,,,https://fr.wikipedia.org/wiki/Humour_noir,
2.1.2.3.2,,circle,,Nihilisme,,,,,,,,https://fr.wikipedia.org/wiki/Nihilisme,
2.1.3,,circle,,Argument par la poésie,,,,,,,,http://www.don-lindsay-archive.org/skeptic/arguments.html#poetry,
2.1.3.1,,circle,,Procédé sonor,,,,,,,,https://en.wikipedia.org/wiki/Rhetorical_device#Sonic_devices,
2.1.3.1.1,,circle,,Allitération,,,,,,,,https://fr.wikipedia.org/wiki/Allit%C3%A9ration,
2.1.3.1.2,,circle,,Assonance,,,,,,,,https://fr.wikipedia.org/wiki/Assonance,
2.1.3.1.3,,circle,,Cacophonie,,,,,,,,https://fr.wikipedia.org/wiki/Cacophonie,
2.1.3.1.4,,circle,,Onomatopée,,,,,,,,https://fr.wikipedia.org/wiki/Onomatop%C3%A9e,
2.1.3.1.5,,circle,,Métaplasme,,,,,,,,https://fr.wikipedia.org/wiki/M%C3%A9taplasme,
2.1.3.1.5.1,,circle,,Assimilation,,,,,,,,https://fr.wikipedia.org/wiki/Assimilation_(phon%C3%A9tique),
2.1.3.2,,circle,,Répétition,,,,,,,,,
2.1.3.2.1,,circle,,Accumulation,,,,,,,,https://fr.wikipedia.org/wiki/Accumulation_(rh%C3%A9torique),
2.1.3.2.1.1,,circle,,Enumération,,,,,,,,https://fr.wikipedia.org/wiki/%C3%89num%C3%A9ration,
2.1.3.2.1.2,,circle,,Conglobation,,,,,,,,https://fr.wikipedia.org/wiki/Conglobation,
2.1.3.2.2,,circle,,Anaphore,,,,,,,,https://fr.wikipedia.org/wiki/Anaphore_(rh%C3%A9torique),
2.1.3.2.2.1,,circle,,Epiphore,,,,,,,,https://fr.wikipedia.org/wiki/%C3%89piphore,
2.1.3.2.2.2,,circle,,Symploque,,,,,,,,https://fr.wikipedia.org/wiki/Symploque,
2.1.3.2.3,,circle,,Paronomase,,,,,,,,https://fr.wikipedia.org/wiki/Paronomase,
2.1.3.2.3.1,,circle,,Annomination,,,,,,,,https://fr.wikipedia.org/wiki/Annomination,
2.1.3.2.4,,circle,,Hyperbole,,,,,,,,https://fr.wikipedia.org/wiki/Hyperbole_(rh%C3%A9torique),
2.1.3.2.4.1,,circle,,Adynaton,,,,,,,,https://fr.wikipedia.org/wiki/Adynaton,
2.1.3.2.5,,circle,,Hendiadys,,,,,,,,https://fr.wikipedia.org/wiki/Hendiadys,
2.1.3.3,,circle,,Adjonction,,,,,,,,,
2.1.3.3.1,,circle,,Gradation,,,,,,,,https://fr.wikipedia.org/wiki/Gradation,
2.1.3.3.2,,circle,,Paraphrase,,,,,,,,https://fr.wikipedia.org/wiki/Paraphrase,
2.1.3.3.3,,circle,,Oxymore,,,,,,,,https://fr.wikipedia.org/wiki/Oxymore,
2.1.3.3.4,,circle,,Tautologie,,,,,,,,https://fr.wikipedia.org/wiki/Tautologie,
2.1.3.4,,circle,,Suppression,,,,,,,,,
2.1.3.4.1,,circle,,Aposiopèse,,,,,,,,https://fr.wikipedia.org/wiki/Aposiop%C3%A8se,
2.1.3.4.2,,circle,,Antiphrase,,,,,,,,https://fr.wikipedia.org/wiki/Antiphrase,
2.1.3.4.3,,circle,,Euphémisme,,,,,,,,https://fr.wikipedia.org/wiki/Euph%C3%A9misme,
2.1.3.4.4,,circle,,Prétérition,,,,,,,,https://fr.wikipedia.org/wiki/Pr%C3%A9t%C3%A9rition,
2.1.3.4.5,,circle,,Syllepse,,,,,,,,https://fr.wikipedia.org/wiki/Syllepse,
2.1.3.4.6,,circle,,Zeugma,,,,,,,,https://fr.wikipedia.org/wiki/Zeugma_(stylistique),
2.1.3.4.7,,circle,,Allusion,,,,,,,,https://fr.wikipedia.org/wiki/Allusion,
2.1.3.4.8,,circle,,Antilogie,,,,,,,,https://fr.wikipedia.org/wiki/Antilogie_(rh%C3%A9torique),
2.1.3.5,,circle,,Déplacement,,,,,,,,,
2.1.3.5.1,,circle,,Chiasme,,,,,,,,https://fr.wikipedia.org/wiki/Chiasme,
2.1.3.5.2,,circle,,Antiparastase,,,,,,,,https://fr.wikipedia.org/wiki/Antiparastase,
2.1.3.5.3,,circle,,Epanorthose,,,,,,,,https://fr.wikipedia.org/wiki/%C3%89panorthose,
2.1.3.5.4,,circle,,Métalepse,,,,,,,,https://fr.wikipedia.org/wiki/M%C3%A9talepse,
2.1.3.5.5,,circle,,Prolepse,,,,,,,,https://fr.wikipedia.org/wiki/Prolepse,
2.1.3.5.6,,circle,,Périphrase,,,,,,,,https://fr.wikipedia.org/wiki/P%C3%A9riphrase,
2.1.3.5.6.1,,circle,,Circonlocution,,,,,,,,https://fr.wikipedia.org/wiki/Circonlocution,
2.1.3.6,,circle,,Substitution,,,,,,,,,
2.1.3.6.1,,circle,,Métaphore,,,,,,,,https://fr.wikipedia.org/wiki/M%C3%A9taphore,
2.1.3.6.2,,circle,,Astéisme,,,,,,,,https://fr.wikipedia.org/wiki/Ast%C3%A9isme,
2.1.3.6.3,,circle,,Allégorie,,,,,,,,https://fr.wikipedia.org/wiki/All%C3%A9gorie,
2.1.3.6.4,,circle,,Litote,,,,,,,,https://fr.wikipedia.org/wiki/Litote,
2.1.3.6.5,,circle,,Métonymie,,,,,,,,https://fr.wikipedia.org/wiki/M%C3%A9tonymie,
2.1.3.6.5.1,,circle,,Synecdote,,,,,,,,https://fr.wikipedia.org/wiki/Synecdoque,
2.1.3.6.6,,circle,,Question rhétorique,,,,,,,,https://fr.wikipedia.org/wiki/Question_rh%C3%A9torique,
2.1.3.6.7,,circle,,Digression,,,,,,,,https://fr.wikipedia.org/wiki/Digression,
2.1.3.6.7.1,,circle,,Parembole,,,,,,,,https://fr.wikipedia.org/wiki/Parembole,
2.2,,circle,,Appel à l'émotion,,,,,,,,https://www.logicallyfallacious.com/tools/lp/Bo/LogicalFallacies/45/Argument-by-Emotive-Language,
2.2.1,,circle,,Encourager,,,,,,,,,
2.2.1.1,,circle,,Appel à la confiance,,,,,,,,http://rationalwiki.org/wiki/Appeal_to_confidence,
2.2.1.1.1,,circle,,Effet de halo,,,,,,,,https://fr.wikipedia.org/wiki/Effet_de_halo,
2.2.1.2,,circle,,Appel au désir,,,,,,,,http://www.cogsci.rpi.edu/~heuveb/teaching/CriticalThinking/Web/Presentations/EmotionalAppeals.pdf#page=6,
2.2.1.2.1,,circle,,Voeu pieux,,,,,,,,https://en.wikipedia.org/wiki/Wishful_thinking,
2.2.1.2.1.1,,circle,,Il faut le dire vite,,,,,,,,https://fr.wiktionary.org/wiki/il_faut_le_dire_vite,
2.2.1.2.2,,circle,,Généralité chatoyante,,,,,,,,https://en.wikipedia.org/wiki/Glittering_generality,
2.2.1.2.2.1,,circle,,Le Français qui se lève tôt,,,,,,,,https://en.wikipedia.org/wiki/Hardworking_families,
2.2.1.2.2.2,,circle,,Profonditude,,,,,,,,http://rationalwiki.org/wiki/Deepity,
2.2.1.2.3,,circle,,Appel aux masses (ad captandum),,,,,,,,https://en.wikipedia.org/wiki/Argumentum_ad_captandum,
2.2.1.2.3.1,,circle,,Démagogie,,,,,,,,https://fr.wikipedia.org/wiki/D%C3%A9magogie,
2.2.1.2.3.2,,circle,,Du pain et des jeux,,,,,,,,https://fr.wikipedia.org/wiki/Panem_et_circenses,
2.2.1.2.3.3,,circle,,Chrétienté de fast-food,,,,,,,,http://rationalwiki.org/wiki/Fast-food_Christianity,
2.2.1.2.4,,circle,,Servir la soupe,,,,,,,,http://www.linternaute.com/expression/langue-francaise/19094/servir-la-soupe/,
2.2.1.3,,circle,,Appel à la flatterie,,,,,,,,https://en.wikipedia.org/wiki/Appeal_to_flattery,
2.2.1.3.1,,circle,,Captatio benevolentiae,,,,,,,,https://en.wikipedia.org/wiki/Captatio_benevolentiae,
2.2.1.3.2,,circle,,moral high ground fallacy,,,,,,,,https://en.wikipedia.org/wiki/Moral_high_ground#Everyday_use,
2.2.1.3.2.1,,circle,,Appel au snob,,,,,,,,http://www.fallacydetective.com/news/read/snob-appeal,
2.2.1.3.2.1.1,,circle,,Appel à l'exclusivité,,,,,,,,http://www.cogsci.rpi.edu/~heuveb/teaching/CriticalThinking/Web/Presentations/EmotionalAppeals.pdf#page=17,
2.2.1.3.3,,circle,,Appel à la fièrté,,,,,,,,http://rationalwiki.org/wiki/Appeal_to_shame#Appeal_to_pride,
2.2.1.4,,circle,,Appel à la pitié (argument Galilée),,,,,,,,https://fr.wikipedia.org/wiki/Argumentum_ad_misericordiam,
2.2.1.4.1,,circle,,Pensez aux enfants,,,,,,,,https://en.wikipedia.org/wiki/Think_of_the_children,
2.2.2,,circle,,Dissuader,,,,,,,,,
2.2.2.1,,circle,,Argumentum ad odium,,,,,,,,https://fr.wikipedia.org/wiki/Argumentum_ad_odium,
2.2.2.1.1,,circle,,Appel au ridicule,,,,,,,,https://fr.wikipedia.org/wiki/Appel_au_ridicule,
2.2.2.1.1.1,,circle,,Pooh-pooh,,,,,,,,https://en.wikipedia.org/wiki/Pooh-pooh,
2.2.2.1.2,,circle,,Appel à la honte,,,,,,,,http://rationalwiki.org/wiki/Appeal_to_shame,
2.2.2.1.3,,circle,,Appel au dégoût,,,,,,,,http://rationalwiki.org/wiki/Argumentum_ad_fastidium,
2.2.2.2,,circle,,Appel à la colère,,,,,,,,https://www.logicallyfallacious.com/tools/lp/Bo/LogicalFallacies/20/Appeal-to-Anger,
2.2.2.2.1,,circle,,Fâcher l'adversaire,,,,,,,,https://fr.wikisource.org/wiki/L%E2%80%99Art_d%E2%80%99avoir_toujours_raison/Stratag%C3%A8me_VIII,
2.2.2.2.1.1,,circle,,Titiller,,,,,,,,http://www.seekfind.net/Tactic_of_Needling.html,
2.2.2.2.1.2,,circle,,Argument contrariant,,,,,,,,http://www.don-lindsay-archive.org/skeptic/arguments.html#contrarian,
2.2.2.2.1.3,,circle,,Forcer à l'exagération,,,,,,,,https://fr.wikisource.org/wiki/L%E2%80%99Art_d%E2%80%99avoir_toujours_raison/Stratag%C3%A8me_XXIII,
2.2.2.2.2,,circle,,Appel à l'indignation,,,,,,,,http://www.cogsci.rpi.edu/~heuveb/teaching/CriticalThinking/Web/Presentations/EmotionalAppeals.pdf#page=11,
2.2.2.3,,circle,,Appel à la terreur,,,,,,,,https://fr.wikipedia.org/wiki/Appel_%C3%A0_la_terreur,
2.2.2.3.1,,circle,,Fear Uncertainty and Doubt,,,,,,,,https://fr.wikipedia.org/wiki/Fear,_uncertainty_and_doubt,
2.2.2.3.2,,circle,,Panique morale,,,,,,,,https://fr.wikipedia.org/wiki/Panique_morale,
2.2.3,,circle,,Argument par la conséquence,,,,,,,,https://fr.wikipedia.org/wiki/Argumentum_ad_consequentiam,
2.2.3.1,,circle,,Appel à la force,,,,,,,,http://www.don-lindsay-archive.org/skeptic/arguments.html#force,
2.2.3.1.1,,circle,,Argument par la véhémence,,,,,,,,http://www.don-lindsay-archive.org/skeptic/arguments.html#vehemence,
2.2.3.1.2,,circle,,Ad baculum,,,,,,,,https://en.wikipedia.org/wiki/Argumentum_ad_baculum,
2.2.3.2,,circle,,Argument du ton,,,,,,,,http://rationalwiki.org/wiki/Tone_argument,
2.2.3.2.1,,circle,,Appel à la retenue,,,,,,,,69ae735c-f11f-4e68-83cb-f041dddb50a2,
2.2.3.2.1.1,,circle,,Appel à la gravité,,,,,,,,http://rationalwiki.org/wiki/Appeal_to_gravity,
2.2.3.2.1.2,,circle,,Mansplaining,,,,,,,,https://en.wikipedia.org/wiki/Mansplaining,
2.2.3.3,,circle,,Argument par l'intéret personnel,,,,,,,,http://www.bargain-storage.com/uploads/9/8/7/4/9874916/attacking.faulty.reasoning.a.practical.guide.to.fallacyfree.arguments.pdf#page=123,
2.2.3.3.1,,circle,,Appel à la réciprocation,,,,,,,,http://www.cogsci.rpi.edu/~heuveb/teaching/CriticalThinking/Web/Presentations/EmotionalAppeals.pdf#page=15,
2.2.3.3.2,,circle,,Appel à la revanche,,,,,,,,http://www.cogsci.rpi.edu/~heuveb/teaching/CriticalThinking/Web/Presentations/EmotionalAppeals.pdf#page=16,
2.2.3.4,,circle,,Ignorance assumée,,,,,,,,https://www.logicallyfallacious.com/tools/lp/Bo/LogicalFallacies/182/Willed-Ignorance,
2.3,,circle,,Manipulation mentale,,,,,,,,https://fr.wikipedia.org/wiki/Manipulation_mentale,
2.3.1,,circle,,Conditionnement,,,,,,,,http://skepdic.com/conditioning.html,
2.3.1.1,,circle,,Cadrage,,,,,,,,https://fr.wikipedia.org/wiki/Cadrage_(d%C3%A9cision),
2.3.1.1.1,,circle,,Cacher son jeu,,,,,,,,https://fr.wikisource.org/wiki/L%E2%80%99Art_d%E2%80%99avoir_toujours_raison/Stratag%C3%A8me_IV,
2.3.1.1.1.1,,circle,,Prendre avantage de l'antithèse,,,,,,,,https://fr.wikisource.org/wiki/L%E2%80%99Art_d%E2%80%99avoir_toujours_raison/Stratag%C3%A8me_X,
2.3.1.1.1.2,,circle,,Amorcer et changer,,,,,,,,https://www.logicallyfallacious.com/tools/lp/Bo/LogicalFallacies/105/Hypnotic-Bait-and-Switch,
2.3.1.1.1.3,,circle,,Changer l'ordre des questions,,,,,,,,https://fr.wikisource.org/wiki/L%E2%80%99Art_d%E2%80%99avoir_toujours_raison/Stratag%C3%A8me_IX,
2.3.1.1.2,,circle,,Validation subjective,,,,,,,,http://skepdic.com/subjectivevalidation.html,
2.3.1.1.2.1,,circle,,Effet Barnum,,,,,,,,https://fr.wikipedia.org/wiki/Effet_Barnum,
2.3.1.1.2.1.1,,circle,,Lecture à chaud,,,,,,,,http://skepdic.com/warmreading.html,
2.3.1.1.2.1.2,,circle,,Piège de l'arbre des possibles,,,,,,,,https://cortecs.org/materiel/leffet-barnum-forer-ou-validation-subjective/,
2.3.1.1.2.2,,circle,,Lecture à froid,,,,,,,,https://fr.wikipedia.org/wiki/Lecture_%C3%A0_froid,
2.3.1.1.2.2.1,,circle,,La ruse arc-en-ciel,,,,,,,,https://en.wikipedia.org/wiki/Cold_reading#The_rainbow_ruse,
2.3.1.1.2.2.2,,circle,,Tir au petit plomb,,,,,,,,https://fr.wikipedia.org/wiki/Lecture_%C3%A0_froid#Tir_au_petit_plomb,
2.3.1.1.3,,circle,,Distanciation,,,,,,,,https://en.wikipedia.org/wiki/Distancing_language,
2.3.1.1.4,,circle,,Biais de négativité,,,,,,,,http://skepdic.com/negativitybias.html,
2.3.1.1.5,,circle,,Gaslighting,,,,,,,,https://fr.wikipedia.org/wiki/Gaslighting,
2.3.1.1.6,,circle,,Retourner un argument contre l'adversaire,,,,,,,,https://fr.wikisource.org/wiki/L%E2%80%99Art_d%E2%80%99avoir_toujours_raison/Stratag%C3%A8me_XXVI,
2.3.1.1.7,,circle,,Programmation neuro linguistique,,,,,,,,https://en.wikipedia.org/wiki/Methods_of_neuro-linguistic_programming,
2.3.1.1.7.1,,circle,,Ancrage,,,,,,,,https://en.wikipedia.org/wiki/Anchoring,
2.3.1.1.7.2,,circle,,Synchronisation,,,,,,,,https://fr.wikipedia.org/wiki/Programmation_neuro-linguistique#La_synchronisation,
2.3.1.1.7.3,,circle,,Recadrage,,,,,,,,https://fr.wikipedia.org/wiki/Programmation_neuro-linguistique#Le_recadrage,
2.3.1.1.7.4,,circle,,Dissociation,,,,,,,,https://fr.wikipedia.org/wiki/Programmation_neuro-linguistique#La_dissociation,
2.3.1.1.7.5,,circle,,Règlage du futur,,,,,,,,https://en.wikipedia.org/wiki/Methods_of_neuro-linguistic_programming#Future_pacing,
2.3.1.1.7.6,,circle,,Swish,,,,,,,,https://en.wikipedia.org/wiki/Methods_of_neuro-linguistic_programming#Swish,
2.3.1.2,,circle,,Méthode Coué,,,,,,,,https://fr.wikipedia.org/wiki/M%C3%A9thode_Cou%C3%A9,
2.3.1.3,,circle,,Effet Pygmalion,,,,,,,,https://fr.wikipedia.org/wiki/Effet_Pygmalion,
2.3.1.3.1,,circle,,Effet Golem,,,,,,,,https://fr.wikipedia.org/wiki/Effet_Golem,
2.3.1.4,,circle,,Effet Matthieu,,,,,,,,https://fr.wikipedia.org/wiki/Effet_Matthieu,
2.3.1.5,,circle,,Effet Hans le malin,,,,,,,,https://fr.wikipedia.org/wiki/Effet_Hans_le_Malin,
2.3.1.5.1,,circle,,Effet Linda la maline,,,,,,,,http://skepdic.com/cleverlinda.html,
2.3.1.6,,circle,,Effet Placebo,,,,,,,,http://skepdic.com/placebo.html,
2.3.1.6.1,,circle,,Effet Nocebo,,,,,,,,http://skepdic.com/nocebo.html,
2.3.1.7,,circle,,Tromperie perceptive,,,,,,,,http://skepdic.com/refuge/ctlessons/lesson13.html,
2.3.1.7.1,,circle,,Sophisme de dissection,,,,,,,,http://mathworld.wolfram.com/DissectionFallacy.html,
2.3.1.7.1.1,,circle,,Paradoxe du Tangram,,,,,,,,http://mathworld.wolfram.com/TangramParadox.html,
2.3.1.7.1.2,,circle,,Paradoxe de dissection du triangle,,,,,,,,http://mathworld.wolfram.com/TriangleDissectionParadox.html,
2.3.1.8,,circle,,Hypnose,,,,,,,,https://fr.wikipedia.org/wiki/Hypnose,
2.3.2,,circle,,Jeux de pouvoir,,,,,,,,https://en.wikipedia.org/wiki/Power_and_control_in_abusive_relationships,
2.3.2.1,,circle,,Argument par le charme personnel,,,,,,,,https://www.logicallyfallacious.com/tools/lp/Bo/LogicalFallacies/48/Argument-by-Personal-Charm,
2.3.2.1.1,,circle,,Love bombing,,,,,,,,https://fr.wikipedia.org/wiki/Love_bombing,
2.3.2.1.2,,circle,,Flirt,,,,,,,,https://fr.wikipedia.org/wiki/Flirt,
2.3.2.2,,circle,,Obtenir l'obéissance,,,,,,,,https://en.wikipedia.org/wiki/Compliance_gaining,
2.3.2.2.1,,circle,,Troubler,,,,,,,,https://en.wikipedia.org/wiki/Compliance_gaining#Disrupt-then-reframe_.28DTR.29,
2.3.2.2.2,,circle,,Persistence,,,,,,,,https://en.wikipedia.org/wiki/Compliance_gaining#Persistence,
2.3.2.2.2.1,,circle,,Tirer et chasser,,,,,,,,https://en.wikipedia.org/wiki/Compliance_gaining#Dump_and_chase_.28DAC.29,
2.3.2.2.2.2,,circle,,Tanner,,,,,,,,https://en.wikipedia.org/wiki/Nagging,
2.3.2.2.2.3,,circle,,Harceler,,,,,,,,https://fr.wikipedia.org/wiki/Harc%C3%A8lement,
2.3.2.2.3,,circle,,Engagement,,,,,,,,https://fr.wikipedia.org/wiki/Engagement_(psychologie_sociale),
2.3.2.2.3.1,,circle,,Hypocrisie induite,,,,,,,,https://fr.wikipedia.org/wiki/Engagement_(psychologie_sociale)#L.E2.80.99hypocrisie_induite,
2.3.2.2.3.2,,circle,,Pied dans la porte,,,,,,,,https://fr.wikipedia.org/wiki/Pied-dans-la-porte,
2.3.2.2.3.2.1,,circle,,Pied dans la porte implicite,,,,,,,,https://fr.wikipedia.org/wiki/Engagement_(psychologie_sociale)#Approche_implicite,
2.3.2.2.3.2.2,,circle,,Cout irrécupérable,,,,,,,,https://www.logicallyfallacious.com/tools/lp/Bo/LogicalFallacies/173/Sunk-Cost-Fallacy,
2.3.2.2.3.3,,circle,,Porte-au-nez,,,,,,,,https://fr.wikipedia.org/wiki/Porte-au-nez,
2.3.2.2.3.4,,circle,,Pied dans la bouche,,,,,,,,https://fr.wikipedia.org/wiki/Engagement_(psychologie_sociale)#Technique_du_pied-dans-la-bouche,
2.3.2.2.3.5,,circle,,Etiquetage,,,,,,,,https://fr.wikipedia.org/wiki/Engagement_(psychologie_sociale)#Technique_de_l.27.C3.A9tiquetage,
2.3.2.2.3.6,,circle,,Toucher,,,,,,,,https://fr.wikipedia.org/wiki/Engagement_(psychologie_sociale)#Le_toucher,
2.3.2.2.3.7,,circle,,Amorçage,,,,,,,,https://fr.wikipedia.org/wiki/Engagement_(psychologie_sociale)#L.27amor.C3.A7age,
2.3.2.2.3.7.1,,circle,,Leurre,,,,,,,,https://fr.wikipedia.org/wiki/Engagement_(psychologie_sociale)#Le_leurre,
2.3.2.2.3.8,,circle,,Crainte puis soulagement,,,,,,,,https://fr.wikipedia.org/wiki/Engagement_(psychologie_sociale)#Technique_de_la_crainte-puis-soulagement,
2.3.2.2.3.9,,circle,,Mais vous êtes libre,,,,,,,,https://fr.wikipedia.org/wiki/Engagement_(psychologie_sociale)#La_technique_du_mais-vous-.C3.AAtes-libre-de,
2.3.2.2.3.10,,circle,,Un peu c'est mieux que rien,,,,,,,,https://fr.wikipedia.org/wiki/Engagement_(psychologie_sociale)#La_technique_du_un-peu-c.27est-mieux-que-rien,
2.3.2.2.3.11,,circle,,Ce n'est pas tout,,,,,,,,https://fr.wikipedia.org/wiki/Engagement_(psychologie_sociale)#La_technique_du_ce-n.27est-pas-tout,
2.3.2.2.3.12,,circle,,Pied dans la mémoire,,,,,,,,https://fr.wikipedia.org/wiki/Engagement_(psychologie_sociale)#La_technique_du_pied-dans-la-m.C3.A9moire,
2.3.2.2.4,,circle,,Encore un,,,,,,,,https://en.wikipedia.org/wiki/Compliance_gaining#Just-One-More_.28JOM.29,
2.3.2.3,,circle,,Chantage affectif,,,,,,,,https://en.wikipedia.org/wiki/Emotional_blackmail,
2.3.2.4,,circle,,Attitude passive agressive,,,,,,,,https://fr.wikipedia.org/wiki/Comportement_passif-agressif,
2.3.2.5,,circle,,Jeux de l'esprit,,,,,,,,https://en.wikipedia.org/wiki/Mind_games,
2.3.3,,circle,,Influence non verbale,,,,,,,,https://en.wikipedia.org/wiki/Nonverbal_influence,
2.3.3.1,,circle,,Paralangage,,,,,,,,https://fr.wikipedia.org/wiki/Hypnose,
2.3.3.2,,circle,,Chronémique,,,,,,,,https://en.wikipedia.org/wiki/Chronemics,
2.3.3.3,,circle,,Oculésique,,,,,,,,https://en.wikipedia.org/wiki/Oculesics,
2.3.3.3.1,,circle,,Contact visuel,,,,,,,,https://fr.wikipedia.org/wiki/Contact_visuel,
2.3.3.4,,circle,,Expression faciale,,,,,,,,https://fr.wikipedia.org/wiki/Expression_faciale,
2.3.3.4.1,,circle,,Micro-expression,,,,,,,,https://fr.wikipedia.org/wiki/Micro-expression,
2.3.3.5,,circle,,Gestuelle,,,,,,,,https://fr.wikipedia.org/wiki/Geste,
2.3.3.5.1,,circle,,Amical,,,,,,,,,
2.3.3.5.1.1,,circle,,Clin d'œil,,,,,,,,https://fr.wikipedia.org/wiki/Clin_d%27%C5%93il,
2.3.3.5.1.2,,circle,,Baiser,,,,,,,,https://fr.wikipedia.org/wiki/Baiser,
2.3.3.5.1.3,,circle,,Bisou esquimau,,,,,,,,https://fr.wikipedia.org/wiki/Bisou_esquimau,
2.3.3.5.1.4,,circle,,Accolade,,,,,,,,https://fr.wikipedia.org/wiki/Accolade_(homonymie),
2.3.3.5.1.5,,circle,,Fist bump,,,,,,,,https://fr.wikipedia.org/wiki/Fist_bump,
2.3.3.5.1.6,,circle,,Shaka,,,,,,,,https://fr.wikipedia.org/wiki/Shaka_(signe),
2.3.3.5.1.7,,circle,,Croiser l'index et le majeur,,,,,,,,https://fr.wikipedia.org/wiki/Gestuelle_des_doigts_et_des_mains#Croiser_l.27index_et_le_majeur,
2.3.3.5.2,,circle,,Formel,,,,,,,,,
2.3.3.5.2.1,,circle,,Baisemain,,,,,,,,https://fr.wikipedia.org/wiki/Baisemain,
2.3.3.5.2.2,,circle,,Garde-à-vous,,,,,,,,https://fr.wikipedia.org/wiki/Garde-%C3%A0-vous,
2.3.3.5.2.3,,circle,,Génuflexion,,,,,,,,https://fr.wikipedia.org/wiki/G%C3%A9nuflexion,
2.3.3.5.2.4,,circle,,Inclination,,,,,,,,https://fr.wikipedia.org/wiki/Inclination_(geste),
2.3.3.5.2.5,,circle,,Kowtow,,,,,,,,https://fr.wikipedia.org/wiki/Kowtow,
2.3.3.5.2.6,,circle,,Révérence,,,,,,,,https://fr.wikipedia.org/wiki/R%C3%A9v%C3%A9rence_(geste),
2.3.3.5.2.7,,circle,,La main sur le cœur,,,,,,,,https://fr.wikipedia.org/wiki/Gestuelle_des_doigts_et_des_mains#La_main_sur_le_c.C5.93ur,
2.3.3.5.3,,circle,,Salutation,,,,,,,,,
2.3.3.5.3.1,,circle,,Poignée de main,,,,,,,,https://fr.wikipedia.org/wiki/Poign%C3%A9e_de_main,
2.3.3.5.3.2,,circle,,Chapeau,,,,,,,,https://fr.wikipedia.org/wiki/Chapeau#Usage,
2.3.3.5.3.3,,circle,,Salut militaire,,,,,,,,https://fr.wikipedia.org/wiki/Salut_militaire,
2.3.3.5.3.4,,circle,,Salut romain,,,,,,,,https://fr.wikipedia.org/wiki/Salut_romain,
2.3.3.5.3.5,,circle,,Salut scout,,,,,,,,https://fr.wikipedia.org/wiki/Rites_et_coutumes_dans_le_scoutisme#Salut_scout,
2.3.3.5.3.6,,circle,,Salut en budo,,,,,,,,https://fr.wikipedia.org/wiki/Salut_en_budo,
2.3.3.5.3.7,,circle,,Namasté,,,,,,,,https://fr.wikipedia.org/wiki/Namasté,
2.3.3.5.3.8,,circle,,Wai,,,,,,,,https://fr.wikipedia.org/wiki/Wai,
2.3.3.5.3.9,,circle,,Salut vulcain,,,,,,,,https://fr.wikipedia.org/wiki/Salut_vulcain,
2.3.3.5.4,,circle,,Idéologique,,,,,,,,,
2.3.3.5.4.1,,circle,,Signe de croix,,,,,,,,https://fr.wikipedia.org/wiki/Signe_de_croix,
2.3.3.5.4.2,,circle,,Prosternation,,,,,,,,https://fr.wikipedia.org/wiki/Prosternation,
2.3.3.5.4.3,,circle,,Imposition des mains,,,,,,,,https://fr.wikipedia.org/wiki/Imposition_des_mains,
2.3.3.5.4.4,,circle,,Salut à trois doigts,,,,,,,,https://fr.wikipedia.org/wiki/Salut_%C3%A0_trois_doigts,
2.3.3.5.4.5,,circle,,Salut fasciste,,,,,,,,https://fr.wikipedia.org/wiki/Salut_fasciste,
2.3.3.5.4.6,,circle,,Poing levé,,,,,,,,https://fr.wikipedia.org/wiki/Poing_lev%C3%A9,
2.3.3.5.4.7,,circle,,Lever le doigt,,,,,,,,https://fr.wikipedia.org/wiki/Gestuelle_des_doigts_et_des_mains#Lever_le_doigt,
2.3.3.5.4.8,,circle,,Joindre les mains,,,,,,,,https://fr.wikipedia.org/wiki/Gestuelle_des_doigts_et_des_mains#Joindre_les_mains,
2.3.3.5.5,,circle,,Célébration,,,,,,,,,
2.3.3.5.5.1,,circle,,Applaudissement,,,,,,,,https://fr.wikipedia.org/wiki/Applaudissement,
2.3.3.5.5.1.1,,circle,,Clapping,,,,,,,,https://fr.wikipedia.org/wiki/Clapping_(applaudissement),
2.3.3.5.5.2,,circle,,High five,,,,,,,,https://fr.wikipedia.org/wiki/High_five,
2.3.3.5.5.3,,circle,,Pouce levé,,,,,,,,https://fr.wikipedia.org/wiki/Pouce_lev%C3%A9,
2.3.3.5.5.4,,circle,,Standing ovation,,,,,,,,https://fr.wikipedia.org/wiki/Standing_ovation,
2.3.3.5.5.5,,circle,,Signe V,,,,,,,,https://fr.wikipedia.org/wiki/Signe_V,
2.3.3.5.5.6,,circle,,Se frotter les mains,,,,,,,,https://fr.wikipedia.org/wiki/Gestuelle_des_doigts_et_des_mains#Se_frotter_les_mains,
2.3.3.5.5.7,,circle,,Tendre le poing serré vers le ciel,,,,,,,,https://fr.wikipedia.org/wiki/Gestuelle_des_doigts_et_des_mains#Tendre_le_poing_serr.C3.A9_vers_le_ciel,
2.3.3.5.6,,circle,,Hostile,,,,,,,,,
2.3.3.5.6.1,,circle,,Bras d'honneur,,,,,,,,https://fr.wikipedia.org/wiki/Bras_d%27honneur,
2.3.3.5.6.2,,circle,,Doigt d'honneur,,,,,,,,https://fr.wikipedia.org/wiki/Doigt_d%27honneur,
2.3.3.5.6.3,,circle,,Pied de nez,,,,,,,,https://fr.wikipedia.org/wiki/Pied_de_nez,
2.3.3.5.6.4,,circle,,Signe des cornes,,,,,,,,https://fr.wikipedia.org/wiki/Signe_des_cornes,
2.3.3.5.6.5,,circle,,Claquer des doigts,,,,,,,,https://fr.wikipedia.org/wiki/Gestuelle_des_doigts_et_des_mains#Claquer_des_doigts,
2.3.3.5.6.6,,circle,,Tourner ou frapper son index contre sa tempe,,,,,,,,https://fr.wikipedia.org/wiki/Gestuelle_des_doigts_et_des_mains#Tourner_ou_frapper_son_index_contre_sa_tempe,
2.3.3.5.6.7,,circle,,Oreilles d'âne,,,,,,,,https://fr.wikipedia.org/wiki/Gestuelle_des_doigts_et_des_mains#Oreilles_d.27.C3.A2ne,
2.3.3.5.6.8,,circle,,Pouce baissé,,,,,,,,https://fr.wikipedia.org/wiki/Gestuelle_des_doigts_et_des_mains#Pouce,
2.3.3.5.7,,circle,,Désarroi,,,,,,,,,
2.3.3.5.7.1,,circle,,Facepalm,,,,,,,,https://fr.wikipedia.org/wiki/Facepalm,
2.3.3.5.7.2,,circle,,Se tourner les pouces,,,,,,,,https://fr.wikipedia.org/wiki/Gestuelle_des_doigts_et_des_mains#Pouce,
2.3.3.5.7.3,,circle,,Serrer les poings,,,,,,,,https://fr.wikipedia.org/wiki/Gestuelle_des_doigts_et_des_mains#Serrer_les_poings,
2.3.3.5.7.4,,circle,,Mains portées au visage,,,,,,,,https://fr.wikipedia.org/wiki/Gestuelle_des_doigts_et_des_mains#Mains_port.C3.A9es_au_visage,
2.3.3.5.7.5,,circle,,Être encombré par ses mains,,,,,,,,https://fr.wikipedia.org/wiki/Gestuelle_des_doigts_et_des_mains#.C3.8Atre_encombr.C3.A9_par_ses_mains,
2.3.3.6,,circle,,Apparence physique,,,,,,,,https://en.wikipedia.org/wiki/Human_physical_appearance,
2.3.3.6.1,,circle,,Artéfact,,,,,,,,https://en.wikipedia.org/wiki/Cultural_artifact,
2.3.3.6.2,,circle,,Habillement,,,,,,,,https://en.wikipedia.org/wiki/Nonverbal_communication#Clothing,
2.3.3.7,,circle,,Proxémie,,,,,,,,https://fr.wikipedia.org/wiki/Prox%C3%A9mie,
2.3.3.8,,circle,,Posture,,,,,,,,https://en.wikipedia.org/wiki/Posture_(psychology),
2.3.3.8.1,,circle,,Akimbo,,,,,,,,https://en.wikipedia.org/wiki/Akimbo,
2.3.3.8.2,,circle,,Bras croisés,,,,,,,,http://changingminds.org/techniques/body/parts_body_language/arm_body_language.htm#cro,
2.3.3.9,,circle,,Haptique,,,,,,,,https://en.wikipedia.org/wiki/Haptic_communication,
3,,square,,Erreur mathématique,,,,,,,,,
3.1,,circle,,Généralisation abusive,,,,,,,,https://en.wikipedia.org/wiki/Faulty_generalization,
3.1.1,,circle,,Echantillon biaisé,,,,,,,,https://fr.wikipedia.org/wiki/%C3%89chantillon_biais%C3%A9,
3.1.1.1,,circle,,Echantillon non représentatif,,,,,,,,http://www.fallacyfiles.org/biassamp.html,
3.1.1.1.1,,circle,,Généralisation hâtive,,,,,,,,https://en.wikipedia.org/wiki/Hasty_generalization,
3.1.1.1.1.1,,circle,,Argument par les petits nombres,,,,,,,,http://www.don-lindsay-archive.org/skeptic/arguments.html#numbers,
3.1.1.1.1.2,,circle,,Conclusion hâtive,,,,,,,,,
3.1.1.1.2,,circle,,Appel à la coïncidence,,,,,,,,https://en.wikipedia.org/wiki/Slothful_induction,
3.1.1.2,,circle,,Cueillette de cerises,,,,,,,,https://fr.wikipedia.org/wiki/Cueillette_de_cerises,
3.1.1.2.1,,circle,,Détail trompeur (Sophisme Volvo),,,,,,,,https://en.wikipedia.org/wiki/Misleading_vividness,
3.1.1.2.2,,circle,,Sophisme de l'apex,,,,,,,,http://rationalwiki.org/wiki/Apex_fallacy,
3.1.1.2.2.1,,circle,,Cueillette des noix,,,,,,,,http://rationalwiki.org/wiki/Nutpicking,
3.1.1.2.3,,circle,,Biais de représentativité,,,,,,,,https://fr.wikipedia.org/wiki/Biais_de_repr%C3%A9sentativit%C3%A9,
3.1.1.2.4,,circle,,Biais des survivants,,,,,,,,https://en.wikipedia.org/wiki/Survivorship_bias,
3.1.1.2.4.1,,circle,,Sophisme du toupée,,,,,,,,http://rationalwiki.org/wiki/Toupee_fallacy,
3.1.1.2.5,,circle,,Sophisme d'exclusion,,,,,,,,http://www.onegoodmove.org/fallacy/exclus.htm,
3.1.2,,circle,,Secundum quid,,,,,,,,https://en.wikipedia.org/wiki/Secundum_quid,
3.1.2.1,,circle,,Accident / Détruire l'exception (a Dicto simpliciter),,,,,,,,https://en.wikipedia.org/wiki/Accident_(fallacy),
3.1.2.1.1,,circle,,Sophisme du vrai écossais,,,,,,,,68579d55-d8d2-49ea-9347-5faf4881baca,
3.1.2.2,,circle,,Accident Converse (généraliser l'exception),,,,,,,,https://en.wikipedia.org/wiki/Converse_accident,
3.1.2.3,,circle,,Généralisation excessive,,,,,,,,,
3.1.2.3.1,,circle,,Stéréotype,,,,,,,,https://www.logicallyfallacious.com/tools/lp/Bo/LogicalFallacies/167/Stereotyping,
3.1.2.4,,circle,,Exception écrasante,,,,,,,,https://en.wikipedia.org/wiki/Overwhelming_exception,
3.1.3,,circle,,Sophismes de transférence illicite,,,,,,,,https://en.wikipedia.org/wiki/Fallacies_of_illicit_transference,
3.1.3.1,,circle,,Sophisme de composition,,,,,,,,https://fr.wikipedia.org/wiki/Sophisme_de_composition,
3.1.3.1.1,,circle,,Théorie de la récapitulation,,,,,,,,https://fr.wikipedia.org/wiki/Th%C3%A9orie_de_la_r%C3%A9capitulation,
3.1.3.1.2,,circle,,Sophisme métonymique/synecdotique,,,,,,,,http://www.cs.oswego.edu/~blue/xhx/books/semiotics/glossaryM/section111/main.html,
3.1.3.2,,circle,,Sophisme de division,,,,,,,,https://en.wikipedia.org/wiki/Fallacy_of_division,
3.1.3.2.1,,circle,,Sophisme écologique,,,,,,,,https://en.wikipedia.org/wiki/Ecological_fallacy,
3.1.3.2.1.1,,circle,,Paradoxe de simpson,,,,,,,,https://fr.wikipedia.org/wiki/Paradoxe_de_Simpson,
3.1.3.2.1.2,,circle,,Moyenne et médiane,,,,,,,,https://en.wikipedia.org/wiki/Ecological_fallacy#Mean_and_median,
3.1.3.2.1.3,,circle,,Moyenne de groupe et totale,,,,,,,,https://en.wikipedia.org/wiki/Ecological_fallacy#Group_and_total_averages,
3.1.3.2.1.4,,circle,,Correlations individuelles et agrégats,,,,,,,,https://en.wikipedia.org/wiki/Ecological_fallacy#Individual_and_aggregate_correlations,
3.1.3.2.2,,circle,,Réductionisme glouton,,,,,,,,https://en.wikipedia.org/wiki/Greedy_reductionism,
3.2,,circle,,Représentation abusive,,,,,,,,https://fr.wikipedia.org/wiki/R%C3%A9gression_fallacieuse,
3.2.1,,circle,,Relation infondée,,,,,,,,https://en.wikipedia.org/wiki/Spurious_relationship,
3.2.1.1,,circle,,Cum Hoc Ergo Propter Hoc,,,,,,,,4ecfbf5e-71a9-451e-ada7-25e235d656af,
3.2.1.2,,circle,,Post Hoc Ergo Propter Hoc,,,,,,,,78eafdf3-71ee-4032-a926-faf16637fc1d,
3.2.1.3,,circle,,Sophisme de regression,,,,,,,,http://www.fallacyfiles.org/regressf.html,
3.2.1.4,,circle,,Post désignation,,,,,,,,https://www.logicallyfallacious.com/tools/lp/Bo/LogicalFallacies/142/Post-Designation,
3.2.1.4.1,,circle,,Tireur d'élite texan,,,,,,,,https://fr.wikipedia.org/wiki/Sophisme_du_tireur_d%27%C3%A9lite_texan,
3.2.1.4.2,,circle,,Comparaisons multiples,,,,,,,,http://www.fallacyfiles.org/multcomp.html,
3.2.1.4.3,,circle,,Argument chausse-pied,,,,,,,,https://www.logicallyfallacious.com/tools/lp/Bo/LogicalFallacies/161/Shoehorning,
3.2.1.4.4,,circle,,Statistiques occultes,,,,,,,,http://skepdic.com/occultstats.html,
3.2.2,,circle,,Sophismes probabilistes,,,,,,,,http://www.fallacyfiles.org/probfall.html,
3.2.2.1,,circle,,Manipulation des probabilités,,,,,,,,https://en.wikipedia.org/wiki/Appeal_to_probability,
3.2.2.1.1,,circle,,Au cas où,,,,,,,,https://www.logicallyfallacious.com/tools/lp/Bo/LogicalFallacies/116/Just-In-Case-Fallacy,
3.2.2.2,,circle,,Probabilités conditionnelles,,,,,,,,,
3.2.2.2.1,,circle,,Oubli de la fréquence de base,,,,,,,,https://fr.wikipedia.org/wiki/Oubli_de_la_fr%C3%A9quence_de_base,
3.2.2.2.2,,circle,,Argument de l'apocalypse,,,,,,,,https://fr.wikipedia.org/wiki/Argument_de_l%27apocalypse,
3.2.2.2.3,,circle,,sophisme du procureur,,,,,,,,https://fr.wikipedia.org/wiki/Sophisme_du_procureur,
3.2.2.2.4,,circle,,Confusion de l'inverse,,,,,,,,https://en.wikipedia.org/wiki/Confusion_of_the_inverse,
3.2.2.3,,circle,,La ruine du parieur,,,,,,,,https://en.wikipedia.org/wiki/Gambler%27s_ruin,
3.2.2.3.1,,circle,,La main chaude,,,,,,,,http://www.fallacyfiles.org/hothandf.html,
3.2.2.3.2,,circle,,Erreur du parieur,,,,,,,,https://fr.wikipedia.org/wiki/Erreur_du_parieur,
3.2.2.3.3,,circle,,Erreur du parrieur inverse,,,,,,,,https://en.wikipedia.org/wiki/Inverse_gambler%27s_fallacy,
3.2.2.3.4,,circle,,Vanité du parieur,,,,,,,,https://en.wikipedia.org/wiki/Gambler%27s_conceit,
3.2.3,,circle,,Argument de la régression,,,,,,,,https://fr.wikipedia.org/wiki/Argument_de_la_r%C3%A9gression,
3.2.3.1,,circle,,Atomisation du Continuum,,,,,,,,https://en.wikipedia.org/wiki/Continuum_fallacy,
3.2.3.1.1,,circle,,Argument de la barbe,,,,,,,,https://www.logicallyfallacious.com/tools/lp/Bo/LogicalFallacies/58/Argument-of-the-Beard,
3.2.3.2,,circle,,Hypothèse de l'homoncule,,,,,,,,https://fr.wikipedia.org/wiki/Hypoth%C3%A8se_de_l%27homoncule,
3.3,,circle,,Calcul invalide,,,,,,,,,
3.3.1,,circle,,Imprécision,,,,,,,,http://www.fallacyfiles.org/vaguenes.html,
3.3.1.1,,circle,,Fausse précision,,,,,,,,https://en.wikipedia.org/wiki/False_precision,
3.3.1.1.1,,circle,,Manipuler les statistiques,,,,,,,,https://www.logicallyfallacious.com/tools/lp/Bo/LogicalFallacies/122/Lying-with-Statistics,
3.3.1.2,,circle,,Faux équilibre,,,,,,,,https://en.wikipedia.org/wiki/False_balance,
3.3.1.2.1,,circle,,Inflation du conflit,,,,,,,,https://www.logicallyfallacious.com/tools/lp/Bo/LogicalFallacies/113/Inflation-of-Conflict,
3.3.1.2.2,,circle,,Juste milieu,,,,,,,,https://en.wikipedia.org/wiki/Argument_to_moderation,
3.3.1.2.2.1,,circle,,Design par comité,,,,,,,,https://en.wikipedia.org/wiki/Design_by_committee,
3.3.1.2.3,,circle,,Coup de projecteur,,,,,,,,https://www.logicallyfallacious.com/tools/lp/Bo/LogicalFallacies/165/Spotlight-Fallacy,
3.3.1.2.4,,circle,,Sophisme de la vitre cassée,,,,,,,,https://fr.wikipedia.org/wiki/Sophisme_de_la_vitre_cass%C3%A9e,
3.3.1.3,,circle,,Appel aux extrèmes,,,,,,,,https://www.logicallyfallacious.com/tools/lp/Bo/LogicalFallacies/30/Appeal-to-Extremes,
3.3.1.3.1,,circle,,Pente glissante,,,,,,,,https://fr.wikipedia.org/wiki/Pente_savonneuse,
3.3.1.3.2,,circle,,L'abus n'exclut pas l'usage (Abusus non tollit usum),,,,,,,,http://www.locutio.net/locutio/modules.php?name=Encyclopedia&op=content&tid=6663,
3.3.1.3.3,,circle,,Hypothèse non plausible,,,,,,,,https://www.logicallyfallacious.com/tools/lp/Bo/LogicalFallacies/117/Least-Plausible-Hypothesis,
3.3.2,,circle,,Erreur de calcul,,,,,,,,,
3.3.2.1,,circle,,Double compte,,,,,,,,https://en.wikipedia.org/wiki/Double_counting_(fallacy),
3.3.2.2,,circle,,Paradoxes,,,,,,,,https://en.wikipedia.org/wiki/List_of_paradoxes,
3.3.2.2.1,,circle,,Dollar manquant,,,,,,,,https://fr.wikipedia.org/wiki/%C3%89nigme_du_dollar_manquant,
3.3.2.2.2,,circle,,les deux enveloppes,,,,,,,,https://fr.wikipedia.org/wiki/Paradoxe_des_deux_enveloppes,
3.3.2.2.3,,circle,,Paradoxe du cellophane,,,,,,,,https://en.wikipedia.org/wiki/Cellophane_paradox,
3.3.2.2.4,,circle,,Paradoxe de Russell,,,,,,,,http://rationalwiki.org/wiki/Russell%27s_paradox,
3.3.2.2.5,,circle,,Phénomène de Rogers,,,,,,,,https://fr.wikipedia.org/wiki/Ph%C3%A9nom%C3%A8ne_de_Rogers,
3.3.2.3,,circle,,Erreur numérique,,,,,,,,https://en.wikipedia.org/wiki/Numerical_error,
3.3.3,,circle,,Mauvaise application d'une règle,,,,,,,,,
3.3.3.1,,circle,,Sophismes mathématiques,,,,,,,,https://en.wikipedia.org/wiki/Mathematical_fallacy,
3.3.3.1.1,,circle,,Division par zéro,,,,,,,,http://mathworld.wolfram.com/Fallacy.html,
3.3.3.1.2,,circle,,Pseudo démonstrations,,,,,,,,https://fr.wikipedia.org/wiki/Pseudo-d%C3%A9monstration_d%27%C3%A9galit%C3%A9_entre_nombres,
3.3.3.2,,circle,,Mauvaise application d'une notation,,,,,,,,,
3.3.3.3,,circle,,Pseudoscience,,,,,,,,http://skepdic.com/pseudosc.html,
4,,square,,Erreur logique,,,,,,,,,
4.1,,circle,,Causalité douteuse,,,,,,,,http://www.nizkor.org/features/fallacies/questionable-cause.html,
4.1.1,,circle,,Pétition de principe,,,,,,,,https://fr.wikipedia.org/wiki/P%C3%A9tition_de_principe,
4.1.1.1,,circle,,Argument circulaire (Circulus in demonstrando),,,,,,,,https://fr.wikipedia.org/wiki/Argument_circulaire,
4.1.1.2,,circle,,Compliquer les questions,,,,,,,,22f4110b-d415-4de9-b0b8-eb2d1253a891,
4.1.1.3,,circle,,Ignoratio elenchi,,,,,,,,e535e268-c962-4d76-b6f0-6cf9dbc3e2ba,
4.1.1.4,,circle,,Analogie à pétition de principe,,,,,,,,a11de021-40ca-4459-a002-9b1b485610a1,
4.1.1.5,,circle,,Support subverti,,,,,,,,https://www.logicallyfallacious.com/tools/lp/Bo/LogicalFallacies/172/Subverted-Support,
4.1.1.6,,circle,,Pente glissante (causale),,,,,,,,www.fallacyfiles.org/slipslop.html#Causal,
4.1.2,,circle,,Mauvaise direction,,,,,,,,https://en.wikipedia.org/wiki/Wrong_direction,
4.1.2.1,,circle,,Affirmation du conséquent,,,,,,,,https://fr.wikipedia.org/wiki/Affirmation_du_cons%C3%A9quent,
4.1.2.1.1,,circle,,Sophisme de Van Gogh,,,,,,,,https://en.wikipedia.org/wiki/Van_Gogh_fallacy,
4.1.2.2,,circle,,Confondre cause nécesssaire et suffisante,,,,,,,,http://www.bargain-storage.com/uploads/9/8/7/4/9874916/attacking.faulty.reasoning.a.practical.guide.to.fallacyfree.arguments.pdf#page=190,
4.1.2.3,,circle,,Confondre la cause et l'effet,,,,,,,,http://www.bargain-storage.com/uploads/9/8/7/4/9874916/attacking.faulty.reasoning.a.practical.guide.to.fallacyfree.arguments.pdf#page=195,
4.1.2.4,,circle,,Guérir le mal par le mal,,,,,,,,https://fr.wikipedia.org/wiki/Two_wrongs_make_a_right,
4.1.2.4.1,,circle,,Tu Quoque,,,,,,,,c171b494-27ba-459f-aaad-88d28d64a1f6,
4.1.2.4.2,,circle,,Cause rétrogressive,,,,,,,,https://www.logicallyfallacious.com/tools/lp/Bo/LogicalFallacies/156/Retrogressive-Causation,
4.1.2.4.2.1,,circle,,Boire pour oublier,,,,,,,,https://fr.wiktionary.org/wiki/L%C3%A9th%C3%A9,
4.1.2.5,,circle,,Sophismes du parieur,,,,,,,,,
4.1.2.6,,circle,,Effet Pangloss,,,,,,,,https://cortecs.org/materiel/effet-pangloss-ou-les-dangers-des-raisonnements-a-rebours/,
4.1.3,,circle,,Confondre causalité et corrélation,,,,,,,,https://en.wikipedia.org/wiki/Correlation_does_not_imply_causation,
4.1.3.1,,circle,,Réductionisme causal,,,,,,,,https://www.logicallyfallacious.com/tools/lp/Bo/LogicalFallacies/64/Causal-Reductionism,
4.1.3.1.1,,circle,,Cause unique (complexe),,,,,,,,https://fr.wikipedia.org/wiki/Sophisme_de_la_cause_unique,
4.1.3.1.1.1,,circle,,Négation de l'antécédent,,,,,,,,https://fr.wikipedia.org/wiki/N%C3%A9gation_de_l%27ant%C3%A9c%C3%A9dent,
4.1.3.1.2,,circle,,Simplification causale abusive,,,,,,,,http://www.bargain-storage.com/uploads/9/8/7/4/9874916/attacking.faulty.reasoning.a.practical.guide.to.fallacyfree.arguments.pdf#page=191,
4.1.3.2,,circle,,Ignorer la cause commune (effet conjoint),,,,,,,,https://en.wikipedia.org/wiki/Third-cause_fallacy,
4.1.3.3,,circle,,Cum Hoc Ergo Propter Hoc,,,,,,,,https://fr.wikipedia.org/wiki/Cum_hoc_ergo_propter_hoc,
4.1.3.4,,circle,,Post Hoc Ergo Propter Hoc,,,,,,,,https://fr.wikipedia.org/wiki/Post_hoc_ergo_propter_hoc,
4.2,,circle,,Mauvaise catégorisation,,,,,,,,,
4.2.1,,circle,,Propositionnel,,,,,,,,http://www.fallacyfiles.org/propfall.html,
4.2.1.1,,circle,,Affirmation du conséquent,,,,,,,,1d890b03-f88c-488a-8e75-b8a883876007,
4.2.1.2,,circle,,Négation de l'antécédent,,,,,,,,2f446bcc-dfc6-4741-aebc-7bdfbced643d,
4.2.1.3,,circle,,Transposition impropre,,,,,,,,http://www.fallacyfiles.org/imptrans.html,
4.2.1.4,,circle,,Commutation des conditionnelles,,,,,,,,http://www.fallacyfiles.org/commcond.html,
4.2.1.5,,circle,,L'un n'empèche pas l'autre,,,,,,,,,
4.2.1.5.1,,circle,,Affirmation d'une disjonction,,,,,,,,https://fr.wikipedia.org/wiki/Affirmation_d%27une_disjonction,
4.2.1.5.2,,circle,,Déni de conjonction,,,,,,,,http://www.fallacyfiles.org/denyconj.html,
4.2.2,,circle,,Quantification,,,,,,,,http://www.fallacyfiles.org/quanfall.html,
4.2.2.1,,circle,,Glissement du quantiticateur,,,,,,,,https://en.wikipedia.org/wiki/Quantifier_shift,
4.2.2.2,,circle,,Suppression du quantificateur,,,,,,,,http://www.ditext.com/fearnside/41.html,
4.2.2.3,,circle,,Preuve par l'exemple,,,,,,,,https://en.wikipedia.org/wiki/Proof_by_example,
4.2.2.4,,circle,,Conversion illicite,,,,,,,,http://www.fallacyfiles.org/illiconv.html,
4.2.2.5,,circle,,Contraposition illicite,,,,,,,,https://www.logicallyfallacious.com/tools/lp/Bo/LogicalFallacies/108/Illicit-Contraposition,
4.2.2.6,,circle,,sophisme existentiel,,,,,,,,https://en.wikipedia.org/wiki/Existential_fallacy,
4.2.3,,circle,,Modale,,,,,,,,http://www.fallacyfiles.org/modalfal.html,
4.2.3.1,,circle,,Sophisme de portée modale,,,,,,,,http://www.fallacyfiles.org/modlscop.html,
4.2.3.2,,circle,,Alethique (possibilité vs nécessité),,,,,,,,,
4.2.3.3,,circle,,Temporale (passé vs futur),,,,,,,,,
4.2.3.4,,circle,,Déontique (devoir vs permission),,,,,,,,,
4.2.3.5,,circle,,Epistémique (connaissance vs croyance),,,,,,,,,
4.2.3.5.1,,circle,,Homme masqué,,,,,,,,https://en.wikipedia.org/wiki/Masked-man_fallacy,
4.3,,circle,,Mauvaise déduction,,,,,,,,,
4.3.1,,circle,,Conclusion hâtive,,,,,,,,https://en.wikipedia.org/wiki/Jumping_to_conclusions,
4.3.1.1,,circle,,Prémisses non pertinentes,,,,,,,,http://www.bargain-storage.com/uploads/9/8/7/4/9874916/attacking.faulty.reasoning.a.practical.guide.to.fallacyfree.arguments.pdf#page=106,
4.3.1.1.1,,circle,,Sophisme génétique,,,,,,,,http://www.bargain-storage.com/uploads/9/8/7/4/9874916/attacking.faulty.reasoning.a.practical.guide.to.fallacyfree.arguments.pdf#page=112,
4.3.1.1.2,,circle,,Rationalisation (Trouver des excuses),,,,,,,,https://www.logicallyfallacious.com/tools/lp/Bo/LogicalFallacies/149/Rationalization,
4.3.1.1.2.1,,circle,,Hypothèse farfelue,,,,,,,,https://www.logicallyfallacious.com/tools/lp/Bo/LogicalFallacies/96/Far-Fetched-Hypothesis,
4.3.1.1.2.1.1,,circle,,Familiarité étonante,,,,,,,,http://www.don-lindsay-archive.org/skeptic/arguments.html#familiarity,
4.3.1.1.3,,circle,,Tirer les mauvaises conclusions,,,,,,,,http://www.bargain-storage.com/uploads/9/8/7/4/9874916/attacking.faulty.reasoning.a.practical.guide.to.fallacyfree.arguments.pdf#page=110,
4.3.1.1.4,,circle,,Donner de mauvaises raisons,,,,,,,,http://www.bargain-storage.com/uploads/9/8/7/4/9874916/attacking.faulty.reasoning.a.practical.guide.to.fallacyfree.arguments.pdf#page=112,
4.3.1.2,,circle,,fausse équivalance,,,,,,,,https://en.wikipedia.org/wiki/False_equivalence,
4.3.1.3,,circle,,Saut de foi,,,,,,,,https://en.wikipedia.org/wiki/Leap_of_faith,
4.3.1.4,,circle,,Sophisme du faisceau de preuves,,,,,,,,https://cortecs.org/wp-content/uploads/2010/11/CorteX_Monvoisin_these_didactique_esprit_critique.pdf#page=244,
4.3.2,,circle,,Inconsistence,,,,,,,,https://www.logicallyfallacious.com/tools/lp/Bo/LogicalFallacies/112/Inconsistency,
4.3.2.1,,circle,,Premisses incompatibles,,,,,,,,http://www.bargain-storage.com/uploads/9/8/7/4/9874916/attacking.faulty.reasoning.a.practical.guide.to.fallacyfree.arguments.pdf#page=85,
4.3.2.1.1,,circle,,Concept volé,,,,,,,,https://www.logicallyfallacious.com/tools/lp/Bo/LogicalFallacies/168/Stolen-Concept-Fallacy,
4.3.2.2,,circle,,Contradiction interne,,,,,,,,http://www.don-lindsay-archive.org/skeptic/arguments.html#contradiction,
4.3.2.2.1,,circle,,Logique du chaudron (kettle logic),,,,,,,,https://fr.wikipedia.org/wiki/Logique_du_chaudron,
4.3.2.3,,circle,,Contradiction entre prémisse et conclusion,,,,,,,,http://www.bargain-storage.com/uploads/9/8/7/4/9874916/attacking.faulty.reasoning.a.practical.guide.to.fallacyfree.arguments.pdf#page=87,
4.3.3,,circle,,Sophismes syllogistiques,,,,,,,,http://www.fallacyfiles.org/syllfall.html,
4.3.3.1,,circle,,Conclusion affirmative à partir de premisse négative,,,,,,,,https://en.wikipedia.org/wiki/Affirmative_conclusion_from_a_negative_premise,
4.3.3.2,,circle,,Conclusion négative à partir de premisses affirmatives,,,,,,,,https://en.wikipedia.org/wiki/Negative_conclusion_from_affirmative_premises,
4.3.3.3,,circle,,Quaternio terminorum,,,,,,,,https://fr.wikipedia.org/wiki/Quaternio_terminorum,
4.3.3.4,,circle,,Enthymême,,,,,,,,http://rationalwiki.org/wiki/Enthymeme,
4.3.3.4.1,,circle,,Prémisse implicite (présuposé, Audiatur et altera pars),,,,,,,,https://infidels.org/library/modern/mathew/logic.html#alterapars,
4.3.3.5,,circle,,Milieu non distribué,,,,,,,,https://en.wikipedia.org/wiki/Fallacy_of_the_undistributed_middle,
4.3.3.5.1,,circle,,Syllogisme du politicien,,,,,,,,https://en.wikipedia.org/wiki/Politician%27s_syllogism,
4.3.3.6,,circle,,Prémisses exclusives,,,,,,,,https://en.wikipedia.org/wiki/Fallacy_of_exclusive_premises,
4.3.3.7,,circle,,Processus illicite,,,,,,,,http://www.fallacyfiles.org/illicitp.html,
4.3.3.7.1,,circle,,Clause Majeure incorrecte,,,,,,,,https://en.wikipedia.org/wiki/Illicit_major,
4.3.3.7.2,,circle,,Clause Mineure incorrecte,,,,,,,,https://en.wikipedia.org/wiki/Illicit_minor,
4.3.3.8,,circle,,Distribution illicite d'une conclusion,,,,,,,,http://www.bargain-storage.com/uploads/9/8/7/4/9874916/attacking.faulty.reasoning.a.practical.guide.to.fallacyfree.arguments.pdf#page=98,
5,,square,,Erreur de langue,,,,,,,,,
5.1,,circle,,Mauvaise définition,,,,,,,,https://en.wikipedia.org/wiki/Fallacies_of_definition,
5.1.1,,circle,,Définition vague,,,,,,,,http://www.ditext.com/fearnside/10.html,
5.1.1.1,,circle,,Défaut d'élucidation (Obscurum per Obscurius),,,,,,,,https://www.logicallyfallacious.com/tools/lp/Bo/LogicalFallacies/85/Failure_to_Elucidate,
5.1.1.2,,circle,,Indéfinissabilité (pari de Loki),,,,,,,,https://en.wikipedia.org/wiki/Loki%27s_Wager,
5.1.2,,circle,,Définition arbitraire,,,,,,,,https://fr.wikipedia.org/wiki/Arbitraire,
5.1.2.1,,circle,,Incongruité,,,,,,,,https://en.wikipedia.org/wiki/Fallacies_of_definition#Incongruity:_overly_broad_or_narrow,
5.1.2.1.1,,circle,,Trop large,,,,,,,,http://www.onegoodmove.org/fallacy/broad.htm,
5.1.2.1.2,,circle,,Trop restrictive,,,,,,,,http://www.onegoodmove.org/fallacy/narrow.htm,
5.1.2.2,,circle,,Sophismes de correlative,,,,,,,,https://en.wikipedia.org/wiki/Correlative-based_fallacies,
5.1.2.2.1,,circle,,Contraste perdu,,,,,,,,https://en.wikipedia.org/wiki/Suppressed_correlative,
5.1.2.2.2,,circle,,Deni de correlative,,,,,,,,https://en.wikipedia.org/wiki/Denying_the_correlative,
5.1.2.2.3,,circle,,Sophisme du vrai écossais,,,,,,,,https://fr.wikipedia.org/wiki/Sophisme_du_vrai_%C3%89cossais,
5.1.2.2.4,,circle,,Faux choix,,,,,,,,https://fr.wikipedia.org/wiki/Faux_dilemme,
5.1.2.2.4.1,,circle,,A court ou long terme,,,,,,,,http://www.don-lindsay-archive.org/skeptic/arguments.html#short,
5.1.2.2.4.2,,circle,,Sophismes philosophique,,,,,,,,http://www.springer.com/us/book/9783319207827,
5.1.2.2.4.3,,circle,,Vous êtes avec nous ou contre nous,,,,,,,,https://fr.wikipedia.org/wiki/Ou_vous_%C3%AAtes_avec_nous,_ou_vous_%C3%AAtes_contre_nous,
5.1.2.2.5,,circle,,Solution parfaite,,,,,,,,31174ebd-fe84-4dbc-87ba-ee9a6541a04a,
5.1.2.3,,circle,,Définition persuasive,,,,,,,,c23499f5-5197-4811-8d1f-8969b2cdef4b,
5.1.3,,circle,,Définition invalide,,,,,,,,,
5.1.3.1,,circle,,Conditions conflictuelles,,,,,,,,https://www.logicallyfallacious.com/tools/lp/Bo/LogicalFallacies/70/Conflicting-Conditions,
5.1.3.1.1,,circle,,Concept volé,,,,,,,,https://www.logicallyfallacious.com/tools/lp/Bo/LogicalFallacies/168/Stolen-Concept-Fallacy,
5.1.3.2,,circle,,Définition Circulaire,,,,,,,,http://rationalwiki.org/wiki/Circular_reasoning,
5.1.3.2.1,,circle,,Argument du dictionaire,,,,,,,,http://rationalwiki.org/wiki/Argumentum_ad_dictionarium,
5.1.3.2.2,,circle,,Sophisme définiste,,,,,,,,https://en.wikipedia.org/wiki/Definist_fallacy,
5.2,,circle,,Comparaison fallacieuse,,,,,,,,,
5.2.1,,circle,,Comparaison fautive,,,,,,,,https://www.logicallyfallacious.com/tools/lp/Bo/LogicalFallacies/97/Faulty-Comparison,
5.2.1.1,,circle,,Comparaison incomplète,,,,,,,,https://en.wikipedia.org/wiki/Incomplete_comparison,
5.2.1.2,,circle,,Classification non exclusive,,,,,,,,http://www.ditext.com/fearnside/8.html#b,
5.2.1.3,,circle,,Comparaison inconsistante,,,,,,,,https://en.wikipedia.org/wiki/Inconsistent_comparison,
5.2.1.4,,circle,,Distinction sans différence,,,,,,,,https://www.logicallyfallacious.com/tools/lp/Bo/LogicalFallacies/80/Distinction-Without-a-Difference,
5.2.2,,circle,,Fausse analogie,,,,,,,,https://en.wikipedia.org/wiki/Argument_from_analogy#False_analogy,
5.2.2.1,,circle,,Analogie à pétition de principe,,,,,,,,http://www.fallacyfiles.org/qbanalog.html,
5.2.2.2,,circle,,Analogies étendue,,,,,,,,https://www.logicallyfallacious.com/tools/lp/Bo/LogicalFallacies/84/Extended-Analogy,
5.2.2.3,,circle,,Argument de la similarité fallacieuse,,,,,,,,http://www.don-lindsay-archive.org/skeptic/arguments.html#similarity,
5.2.2.4,,circle,,Fausse équivalence,,,,,,,,https://en.wikipedia.org/wiki/False_equivalence,
5.2.3,,circle,,Sophisme par association,,,,,,,,https://fr.wikipedia.org/wiki/Sophisme_par_association,
5.2.3.1,,circle,,Amalgame,,,,,,,,https://fr.wikipedia.org/wiki/Amalgame_(communication),
5.3,,circle,,Ambiguité,,,,,,,,https://www.logicallyfallacious.com/tools/lp/Bo/LogicalFallacies/17/Ambiguity-Fallacy,
5.3.1,,circle,,Ambiguité Syntaxique,,,,,,,,,
5.3.1.1,,circle,,Amphibologie,,,,,,,,https://fr.wikipedia.org/wiki/Amphibologie,
5.3.1.1.1,,circle,,Ponctuation ambigue,,,,,,,,,
5.3.1.1.2,,circle,,Sophisme de portée modale,,,,,,,,http://www.fallacyfiles.org/modlscop.html,
5.3.1.1.2.1,,circle,,Glissement du quantiticateur,,,,,,,,825d51a5-1b9d-41e2-8289-c52cc761db74,
5.3.1.1.3,,circle,,Accent,,,,,,,,http://rationalwiki.org/wiki/Fallacy_of_accent,
5.3.1.1.3.1,,circle,,Contraste illicite,,,,,,,,http://www.bargain-storage.com/uploads/9/8/7/4/9874916/attacking.faulty.reasoning.a.practical.guide.to.fallacyfree.arguments.pdf#page=141,
5.3.1.2,,circle,,Solécisme,,,,,,,,https://fr.wikipedia.org/wiki/Sol%C3%A9cisme,
5.3.1.3,,circle,,Barbarisme,,,,,,,,https://fr.wikipedia.org/wiki/Barbarisme,
5.3.2,,circle,,Ambiguité sémantique (Équivoque),,,,,,,,https://fr.wikipedia.org/wiki/%C3%89quivoque,
5.3.2.1,,circle,,Expression vague,,,,,,,,http://www.fallacyfiles.org/vaguenes.html,
5.3.2.1.1,,circle,,Fausse précision,,,,,,,,https://en.wikipedia.org/wiki/False_precision,
5.3.2.1.2,,circle,,Pente glissante (sémantique),,,,,,,,http://www.fallacyfiles.org/slipslop.html#Semantic,
5.3.2.1.2.1,,circle,,Argument de la barbe,,,,,,,,https://www.logicallyfallacious.com/tools/lp/Bo/LogicalFallacies/58/Argument-of-the-Beard,
5.3.2.2,,circle,,Changement lexical (Polysémie),,,,,,,,https://en.wikipedia.org/wiki/Onomasiology#Lexical_change,
5.3.2.2.1,,circle,,Mondegreen,,,,,,,,https://en.wikipedia.org/wiki/Mondegreen,
5.3.2.2.2,,circle,,Homonymie,,,,,,,,https://fr.wikisource.org/wiki/L%E2%80%99Art_d%E2%80%99avoir_toujours_raison/Stratag%C3%A8me_II,
5.3.2.2.2.1,,circle,,Hétérosémie,,,,,,,,https://en.wikipedia.org/wiki/Heterosemy,
5.3.2.3,,circle,,Changement sémantique,,,,,,,,https://en.wikipedia.org/wiki/Semantic_change,
5.3.2.3.1,,circle,,Métonymie,,,,,,,,https://fr.wikipedia.org/wiki/M%C3%A9tonymie,
5.3.2.3.2,,circle,,Idola fori,,,,,,,,https://en.wikipedia.org/wiki/Idola_fori,
5.3.2.3.2.1,,circle,,Réification (Hypostatization),,,,,,,,https://en.wikipedia.org/wiki/Reification_(fallacy),
5.3.2.3.2.2,,circle,,Erreur Usage Mention,,,,,,,,https://www.logicallyfallacious.com/tools/lp/Bo/LogicalFallacies/180/Use-Mention-Error,
5.3.2.3.2.3,,circle,,Sophisme référentiel,,,,,,,,http://www.cs.oswego.edu/~blue/xhx/books/semiotics/glossaryR/section81/main.html,
5.3.2.3.2.4,,circle,,Simulacre,,,,,,,,https://fr.wikipedia.org/wiki/Simulacre,
5.3.2.4,,circle,,Milieu non distribué,,,,,,,,ac57e2ed-8116-49dc-b53f-d59a02e0fac6,
5.3.2.4.1,,circle,,Syllogisme du politicien,,,,,,,,1f82a972-e177-4e69-8a71-dbce97ef6749,
5.3.3,,circle,,Ambiguité narrative,,,,,,,,,
5.3.3.1,,circle,,Fausse implication,,,,,,,,http://skepdic.com/falseimplication.html,
5.3.3.1.1,,circle,,Argument par l'insinuation (innuedo),,,,,,,,https://www.thoughtco.com/what-is-an-innuendo-1691175,
5.3.3.2,,circle,,Propagande grise,,,,,,,,https://fr.wikipedia.org/wiki/Propagande_grise,
5.3.3.3,,circle,,Propagande noire,,,,,,,,https://fr.wikipedia.org/wiki/Propagande_noire,
5.3.3.4,,circle,,Polytélie,,,,,,,,https://en.wikipedia.org/wiki/Polytely,
6,,square,,Tricherie,,,,,,,,https://fr.wikipedia.org/wiki/Tricherie,
6.1,,circle,,Arranger les faits,,,,,,,,,
6.1.1,,circle,,Mensonge,,,,,,,,https://fr.wikipedia.org/wiki/Mensonge,
6.1.1.1,,circle,,Semi-vérité,,,,,,,,https://en.wikipedia.org/wiki/Half-truth,
6.1.1.1.1,,circle,,Minimisation,,,,,,,,https://en.wikipedia.org/wiki/Minimisation_(psychology),
6.1.1.1.2,,circle,,Exagération,,,,,,,,https://en.wikipedia.org/wiki/Exaggeration,
6.1.1.1.3,,circle,,Information obsolète,,,,,,,,http://www.don-lindsay-archive.org/skeptic/arguments.html#outdated,
6.1.1.1.4,,circle,,Fraude pieuse,,,,,,,,http://www.don-lindsay-archive.org/skeptic/arguments.html#pious_fraud,
6.1.1.1.4.1,,circle,,Mensonge poli,,,,,,,,https://en.wikipedia.org/wiki/Lie#Polite_lie_and_butler_lie,
6.1.1.1.4.2,,circle,,Pour la bonne cause,,,,,,,,https://en.wikipedia.org/wiki/Noble_lie,
6.1.1.1.5,,circle,,Prémisse fausse,,,,,,,,https://fr.wikipedia.org/wiki/Pr%C3%A9misse_fausse,
6.1.1.1.6,,circle,,Faux effet (non causa non proba),,,,,,,,https://www.logicallyfallacious.com/tools/lp/Bo/LogicalFallacies/95/False-Effect,
6.1.1.1.7,,circle,,Limiter les dégats,,,,,,,,https://en.wikipedia.org/wiki/Limited_hangout,
6.1.1.1.8,,circle,,Faux souvenir,,,,,,,,http://skepdic.com/falsememory.html,
6.1.1.1.8.1,,circle,,Confabulation,,,,,,,,http://skepdic.com/confab.html,
6.1.1.2,,circle,,Factoïde,,,,,,,,https://en.wikipedia.org/wiki/Factoid,
6.1.1.2.1,,circle,,Désinformation,,,,,,,,https://fr.wikipedia.org/wiki/D%C3%A9sinformation,
6.1.1.2.1.1,,circle,,Fake news,,,,,,,,https://fr.wikipedia.org/wiki/Fake_news,
6.1.1.2.1.2,,circle,,Chambre d'écho,,,,,,,,https://fr.wikipedia.org/wiki/Chambre_d%27%C3%A9cho_(m%C3%A9dias),
6.1.1.2.2,,circle,,Rumeur,,,,,,,,https://fr.wikipedia.org/wiki/Rumeur,
6.1.1.2.3,,circle,,Mythe,,,,,,,,https://fr.wikipedia.org/wiki/Mythe#Le_mythe_comme_croyance_erron.C3.A9e,
6.1.1.2.3.1,,circle,,Légende urbaine,,,,,,,,https://fr.wikipedia.org/wiki/L%C3%A9gende_urbaine,
6.1.1.2.3.2,,circle,,Creepypasta,,,,,,,,https://fr.wikipedia.org/wiki/Creepypasta,
6.1.1.2.4,,circle,,Mème,,,,,,,,https://fr.wikipedia.org/wiki/M%C3%A8me,
6.1.1.3,,circle,,Imposture,,,,,,,,https://fr.wikipedia.org/wiki/Imposture,
6.1.1.3.1,,circle,,Canular,,,,,,,,https://fr.wikipedia.org/wiki/Canular,
6.1.1.3.2,,circle,,Foutaise,,,,,,,,https://en.wikipedia.org/wiki/Bullshit,
6.1.1.3.2.1,,circle,,Bobard,,,,,,,,https://en.wikipedia.org/wiki/Lie#Fib,
6.1.1.3.3,,circle,,Faire prendre des vessies pour des lanternes,,,,,,,,https://www.projet-voltaire.fr/origines/expression-prendre-des-vessies-pour-des-lanternes/,
6.1.1.3.3.1,,circle,,Poudre aux yeux,,,,,,,,https://en.wikipedia.org/wiki/Puffery,
6.1.1.3.4,,circle,,Fabrication,,,,,,,,https://en.wikipedia.org/wiki/Fabrication_(science),
6.1.1.3.5,,circle,,Falsification,,,,,,,,https://en.wikipedia.org/wiki/Forgery,
6.1.1.3.6,,circle,,Etouffer l'affaire,,,,,,,,https://en.wikipedia.org/wiki/Cover-up,
6.1.1.3.7,,circle,,Parjure,,,,,,,,https://fr.wikipedia.org/wiki/Parjure,
6.1.1.3.8,,circle,,Mythomanie,,,,,,,,https://fr.wikipedia.org/wiki/Mythomanie,
6.1.2,,circle,,Fausse attribution,,,,,,,,https://en.wikipedia.org/wiki/False_attribution,
6.1.2.1,,circle,,Sortir du contexte,,,,,,,,https://en.wikipedia.org/wiki/Quoting_out_of_context,
6.1.2.1.1,,circle,,Extraction de citations,,,,,,,,http://rationalwiki.org/wiki/Quotemining,
6.1.2.1.2,,circle,,Litéralisme,,,,,,,,http://www.cs.oswego.edu/~blue/xhx/books/semiotics/glossaryL/section31/main.html,
6.1.2.1.3,,circle,,Pseudohistoire,,,,,,,,https://fr.wikipedia.org/wiki/Pseudohistoire,
6.1.2.2,,circle,,Sourcing circulaire,,,,,,,,https://en.wikipedia.org/wiki/Circular_reporting,
6.1.2.2.1,,circle,,Citogenèse,,,,,,,,https://web.archive.org/web/20111118010341/http://xkcd.com/978,
6.1.3,,circle,,Attention sélective,,,,,,,,https://www.logicallyfallacious.com/tools/lp/Bo/LogicalFallacies/159/Selective-Attention,
6.1.3.1,,circle,,Raisonnement motivé,,,,,,,,http://skepdic.com/motivatedreasoning.html,
6.1.3.1.1,,circle,,Double standard,,,,,,,,https://fr.wikipedia.org/wiki/Double_standard,
6.1.3.1.1.1,,circle,,Plaidoirie spéciale,,,,,,,,https://en.wikipedia.org/wiki/Special_pleading,
6.1.3.1.1.1.1,,circle,,Demande d'exemption,,,,,,,,http://www.ditext.com/fearnside/33.html,
6.1.3.1.1.2,,circle,,Restriction mentale,,,,,,,,https://fr.wikipedia.org/wiki/Restriction_mentale,
6.1.3.1.1.2.1,,circle,,Ne pas en dire trop,,,,,,,,https://en.wikipedia.org/wiki/Economical_with_the_truth,
6.1.3.1.1.2.2,,circle,,Mensonge par omission,,,,,,,,https://fr.wikipedia.org/wiki/Mensonge#Cas_du_mensonge_par_omission,
6.1.3.1.1.3,,circle,,Un seul côté,,,,,,,,http://www.fallacyfiles.org/onesided.html,
6.1.3.1.1.3.1,,circle,,Ignore la contre-preuve,,,,,,,,http://www.bargain-storage.com/uploads/9/8/7/4/9874916/attacking.faulty.reasoning.a.practical.guide.to.fallacyfree.arguments.pdf#page=208,
6.1.3.1.1.3.2,,circle,,Bouc émissaire,,,,,,,,https://www.logicallyfallacious.com/tools/lp/Bo/LogicalFallacies/158/Scapegoating,
6.1.3.1.1.4,,circle,,Mauvaise foi,,,,,,,,https://en.wikipedia.org/wiki/Bad_faith,
6.1.3.1.2,,circle,,Pensée sélective,,,,,,,,http://skepdic.com/selectiv.html,
6.1.3.1.2.1,,circle,,Argument par la lecture sélective,,,,,,,,http://www.don-lindsay-archive.org/skeptic/arguments.html#selective_reading,
6.1.3.1.2.2,,circle,,Omission d'une preuve clé,,,,,,,,http://www.bargain-storage.com/uploads/9/8/7/4/9874916/attacking.faulty.reasoning.a.practical.guide.to.fallacyfree.arguments.pdf#page=186,
6.1.3.1.2.3,,circle,,Biais de confirmation,,,,,,,,http://skepdic.com/confirmbias.html,
6.1.3.1.2.4,,circle,,Scotomisation,,,,,,,,https://fr.wikipedia.org/wiki/Scotomisation,
6.1.3.1.3,,circle,,Biais de publication,,,,,,,,https://fr.wikipedia.org/wiki/Biais_de_publication,
6.1.3.1.3.1,,circle,,Biais du chapeau blanc,,,,,,,,https://en.wikipedia.org/wiki/White_hat_bias,
6.1.3.1.3.2,,circle,,Effet tiroir,,,,,,,,https://fr.wikipedia.org/wiki/Biais_de_publication#Effet_tiroir,
6.1.3.2,,circle,,Effet de l'expérimentateur,,,,,,,,http://skepdic.com/experimentereffect.html,
6.1.3.3,,circle,,Cécité d'inattention,,,,,,,,http://skepdic.com/inattentionalblindness.html,
6.2,,circle,,Changer l'objectif,,,,,,,,https://en.wikipedia.org/wiki/Moving_the_goalposts,
6.2.1,,circle,,Relever la barre,,,,,,,,https://en.wiktionary.org/wiki/raise_the_bar,
6.2.1.1,,circle,,Sophismes d'objection,,,,,,,,http://www.ditext.com/fearnside/37.html,
6.2.1.1.1,,circle,,Solution parfaite,,,,,,,,https://en.wikipedia.org/wiki/Nirvana_fallacy,
6.2.1.1.1.1,,circle,,Holisme logique,,,,,,,,https://fr.wikipedia.org/wiki/Holisme_logique,
6.2.1.1.2,,circle,,La science s'est déjà trompée,,,,,,,,http://rationalwiki.org/wiki/Science_was_wrong_before,
6.2.1.1.3,,circle,,Le média s'est déjà trompé,,,,,,,,http://rationalwiki.org/wiki/Media_was_wrong_before,
6.2.1.1.4,,circle,,La pendule cassée inverse,,,,,,,,http://rationalwiki.org/wiki/Inverse_stopped_clock,
6.2.1.2,,circle,,Confondre une explication et une excuse,,,,,,,,https://www.logicallyfallacious.com/tools/lp/Bo/LogicalFallacies/71/Confusing-an-Explanation-with-an-Excuse,
6.2.1.3,,circle,,Une seule preuve,,,,,,,,http://rationalwiki.org/wiki/One_single_proof,
6.2.1.4,,circle,,Renverser la charge de la preuve,,,,,,,,https://fr.wikipedia.org/wiki/Renverser_la_charge_de_la_preuve_(philosophie),
6.2.1.4.1,,circle,,Prouver la non-existence,,,,,,,,https://www.logicallyfallacious.com/tools/lp/Bo/LogicalFallacies/145/Proving-Non-Existence,
6.2.2,,circle,,Le beurre et l'argent du beurre,,,,,,,,https://www.logicallyfallacious.com/tools/lp/Bo/LogicalFallacies/101/Having-Your-Cake,
6.2.2.1,,circle,,Ne pas se mouiller,,,,,,,,http://www.don-lindsay-archive.org/skeptic/arguments.html#state,
6.2.2.1.1,,circle,,Langue de bois,,,,,,,,https://fr.wikipedia.org/wiki/Langue_de_bois,
6.2.2.1.2,,circle,,Assertion ambigue,,,,,,,,http://www.don-lindsay-archive.org/skeptic/arguments.html#ambig_assertion,
6.2.2.2,,circle,,Donner à boire et à manger,,,,,,,,https://fr.wiktionary.org/wiki/il_y_a_%C3%A0_boire_et_%C3%A0_manger,
6.2.2.2.1,,circle,,Si par Whisky,,,,,,,,https://www.logicallyfallacious.com/tools/lp/Bo/LogicalFallacies/107/If-By-Whiskey,
6.2.2.3,,circle,,Se couvrir,,,,,,,,https://www.logicallyfallacious.com/tools/lp/Bo/LogicalFallacies/102/Hedging,
6.2.2.3.1,,circle,,Argument post dispute,,,,,,,,https://en.wikipedia.org/wiki/Post_disputation_argument,
6.2.2.4,,circle,,Porte de sortie,,,,,,,,http://rationalwiki.org/wiki/Escape_hatch,
6.2.2.4.1,,circle,,Où est le mal?,,,,,,,,http://rationalwiki.org/wiki/What%27s_the_harm,
6.2.2.4.2,,circle,,Départ optionel,,,,,,,,http://skepdic.com/opstart.html,
6.2.3,,circle,,Baisser la barre,,,,,,,,https://www.usingenglish.com/reference/idioms/lower+the+bar.html,
6.2.3.1,,circle,,Argumentum a silentio,,,,,,,,https://fr.wikipedia.org/wiki/Argumentum_a_silentio,
6.2.3.2,,circle,,Trivialisme,,,,,,,,https://en.wikipedia.org/wiki/Trivialism,
6.2.3.2.1,,circle,,Se faire l'avocat du diable,,,,,,,,https://fr.wikipedia.org/wiki/Avocat_du_diable,
6.2.3.3,,circle,,Argument de l'effort notable,,,,,,,,https://www.logicallyfallacious.com/tools/lp/Bo/LogicalFallacies/137/Notable-Effort,
6.2.3.3.1,,circle,,Pour la forme,,,,,,,,https://www.logicallyfallacious.com/tools/lp/Bo/LogicalFallacies/176/Tokenism,
6.2.3.4,,circle,,Cout irrécupérable,,,,,,,,https://www.logicallyfallacious.com/tools/lp/Bo/LogicalFallacies/173/Sunk-Cost-Fallacy,
6.3,,circle,,Règles biaisées (Idola mentis),,,,,,,,https://en.wikipedia.org/wiki/Baconian_method#Idols_of_the_mind_.28idola_mentis.29,
6.3.1,,circle,,Biais naturels (Idola tribus),,,,,,,,https://en.wikipedia.org/wiki/Idola_tribus,
6.3.1.1,,circle,,Sophisme animiste,,,,,,,,https://en.wikipedia.org/wiki/Animistic_fallacy,
6.3.1.2,,circle,,Biais de négativité,,,,,,,,http://skepdic.com/negativitybias.html,
6.3.1.3,,circle,,Projection psychologique,,,,,,,,https://en.wikipedia.org/wiki/Psychological_projection,
6.3.1.3.1,,circle,,Renvoyer la balle,,,,,,,,https://en.wikipedia.org/wiki/Buck_passing,
6.3.1.3.2,,circle,,Blâmer la victime,,,,,,,,https://fr.wikipedia.org/wiki/Bl%C3%A2mer_la_victime,
6.3.1.3.3,,circle,,Auto-flagelation,,,,,,,,https://en.wikipedia.org/wiki/Self-blame_(psychology),
6.3.1.4,,circle,,Projection mentale,,,,,,,,https://en.wikipedia.org/wiki/Mind_projection_fallacy,
6.3.1.5,,circle,,Dispositionalisme,,,,,,,,https://en.wikipedia.org/wiki/Dispositional_attribution,
6.3.1.5.1,,circle,,Erreur fondamentale d'attribution,,,,,,,,https://fr.wikipedia.org/wiki/Erreur_fondamentale_d%27attribution,
6.3.2,,circle,,Biais culturels (Idola specus),,,,,,,,https://en.wikipedia.org/wiki/Idola_specus,
6.3.2.1,,circle,,Biais de proportionalité,,,,,,,,http://skepdic.com/proportionalitybias.html,
6.3.2.1.1,,circle,,Pari de Galilée,,,,,,,,http://rationalwiki.org/wiki/Galileo_gambit,
6.3.2.1.2,,circle,,Conspirationisme,,,,,,,,https://fr.wikipedia.org/wiki/Th%C3%A9orie_du_complot,
6.3.2.1.2.1,,circle,,Sophisme furtif,,,,,,,,https://en.wikipedia.org/wiki/Furtive_fallacy,
6.3.2.1.3,,circle,,Sophisme de regression,,,,,,,,http://www.fallacyfiles.org/regressf.html,
6.3.2.2,,circle,,Biais de Subjectivité,,,,,,,,https://en.wikipedia.org/wiki/Subjectivity,
6.3.2.2.1,,circle,,Erreur d'attribution finale,,,,,,,,https://en.wikipedia.org/wiki/Ultimate_attribution_error,
6.3.2.2.1.1,,circle,,Sophisme de Préjudice,,,,,,,,http://rationalwiki.org/wiki/Fallacy_of_opposition#Fallacy_of_prejudice,
6.3.2.2.1.1.1,,circle,,Racisme,,,,,,,,https://fr.wikipedia.org/wiki/Racisme,
6.3.2.2.1.1.2,,circle,,Sexisme,,,,,,,,https://fr.wikipedia.org/wiki/Sexisme,
6.3.2.2.1.1.3,,circle,,Nationalisme,,,,,,,,https://fr.wikipedia.org/wiki/Nationalisme,
6.3.2.2.1.1.4,,circle,,Bigoterie religieuse,,,,,,,,https://en.wikipedia.org/wiki/Religious_discrimination,
6.3.2.2.1.1.5,,circle,,Classisme,,,,,,,,https://fr.wikipedia.org/wiki/Classisme,
6.3.3,,circle,,Biais dogmatiques (Idola theatri),,,,,,,,https://en.wikipedia.org/wiki/Idola_theatri,
6.3.3.1,,circle,,Contraste injustifié,,,,,,,,https://www.logicallyfallacious.com/tools/lp/Bo/LogicalFallacies/179/Unwarranted-Contrast,
6.3.3.2,,circle,,Argument du package,,,,,,,,https://www.logicallyfallacious.com/tools/lp/Bo/LogicalFallacies/139/Package-Deal-Fallacy,
6.3.3.3,,circle,,Sophisme de la virtualité,,,,,,,,https://en.wikipedia.org/wiki/Virtuality_fallacy,
6.3.3.4,,circle,,Argument par la physique quantique,,,,,,,,https://www.logicallyfallacious.com/tools/lp/Bo/LogicalFallacies/147/Quantum-Physics-Fallacy,
6.3.3.5,,circle,,Pseudo-philosophie,,,,,,,,https://fr.wikipedia.org/wiki/Pseudo-philosophie,
6.3.3.6,,circle,,Logocentrisme,,,,,,,,http://www.cs.oswego.edu/~blue/xhx/books/semiotics/glossaryL/section41/main.html,
6.3.3.7,,circle,,Appel au spirituel,,,,,,,,https://www.logicallyfallacious.com/tools/lp/Bo/LogicalFallacies/164/Spiritual-Fallacy,
6.3.3.8,,circle,,Dogme,,,,,,,,https://fr.wikipedia.org/wiki/Dogme,
6.3.4,,circle,,Biais linguisitques (Idola fori),,,,,,,,https://en.wikipedia.org/wiki/Idola_fori,
7,,square,,Blocage,,,,,,,,http://www.ditext.com/fearnside/39.html,
7.1,,circle,,Refus du débat,,,,,,,,,
7.1.1,,circle,,Relativisme,,,,,,,,http://www.ditext.com/fearnside/9.html#b,
7.1.1.1,,circle,,Sophisme subjectiviste,,,,,,,,https://www.logicallyfallacious.com/tools/lp/Bo/LogicalFallacies/171/Subjectivist-Fallacy,
7.1.1.1.1,,circle,,Truthiness,,,,,,,,https://fr.wikipedia.org/wiki/Truthiness,
7.1.1.2,,circle,,Plus faux que faux,,,,,,,,http://rationalwiki.org/wiki/Wronger_than_wrong,
7.1.2,,circle,,Sophismes d'Explication,,,,,,,,http://www.onegoodmove.org/fallacy/explan_index.htm,
7.1.2.1,,circle,,Postulat infalsifiable,,,,,,,,https://www.logicallyfallacious.com/tools/lp/Bo/LogicalFallacies/178/Unfalsifiability,
7.1.2.1.1,,circle,,Argument autocollant,,,,,,,,https://www.logicallyfallacious.com/tools/lp/Bo/LogicalFallacies/160/Self-Sealing-Argument,
7.1.2.1.2,,circle,,Intestabilité,,,,,,,,http://www.onegoodmove.org/fallacy/untest.htm,
7.1.2.2,,circle,,Profondeur limitée,,,,,,,,https://www.logicallyfallacious.com/tools/lp/Bo/LogicalFallacies/118/Limited-Depth,
7.1.2.2.1,,circle,,Réfutation lapidaire,,,,,,,,https://en.wikipedia.org/wiki/Argumentum_ad_lapidem,
7.1.2.2.1.1,,circle,,Balayer d'un rever de main,,,,,,,,http://rationalwiki.org/wiki/Handwave,
7.1.2.3,,circle,,Portée limitée,,,,,,,,http://www.onegoodmove.org/fallacy/liscope.htm,
7.1.2.4,,circle,,Mauvais Support,,,,,,,,http://www.onegoodmove.org/fallacy/nonsup.htm,
7.1.2.5,,circle,,Support subverti,,,,,,,,https://www.logicallyfallacious.com/tools/lp/Bo/LogicalFallacies/172/Subverted-Support,
7.1.3,,circle,,Preuve par assertion,,,,,,,,https://en.wikipedia.org/wiki/Proof_by_assertion,
7.1.3.1,,circle,,Défaut d'élucidation (Obscurum per Obscurius),,,,,,,,https://www.logicallyfallacious.com/tools/lp/Bo/LogicalFallacies/85/Failure_to_Elucidate,
7.1.3.2,,circle,,Parler vite,,,,,,,,https://www.logicallyfallacious.com/tools/lp/Bo/LogicalFallacies/46/Argument-by-Fast-Talking,
7.1.3.3,,circle,,Argumentum ad nauseam,,,,,,,,https://fr.wikipedia.org/wiki/Argumentum_ad_nauseam,
7.1.3.3.1,,circle,,Lavage de cerveau,,,,,,,,https://fr.wikipedia.org/wiki/Lavage_de_cerveau,
7.1.3.3.2,,circle,,Delenda Carthago,,,,,,,,https://fr.wikipedia.org/wiki/Delenda_Carthago,
7.1.3.4,,circle,,Langage idiosynchratique,,,,,,,,http://www.ditext.com/fearnside/51.html,
7.1.3.5,,circle,,Nier la contre-preuve,,,,,,,,http://www.bargain-storage.com/uploads/9/8/7/4/9874916/attacking.faulty.reasoning.a.practical.guide.to.fallacyfree.arguments.pdf#page=207,
7.1.3.5.1,,circle,,Argument par l'acharnement,,,,,,,,http://www.don-lindsay-archive.org/skeptic/arguments.html#dogged,
7.1.3.5.1.1,,circle,,Négationisme,,,,,,,,https://en.wikipedia.org/wiki/Denialism,
7.1.3.6,,circle,,Clamer la victoire malgré la défaite,,,,,,,,https://fr.wikisource.org/wiki/L%E2%80%99Art_d%E2%80%99avoir_toujours_raison/Stratag%C3%A8me_XIV,
7.1.3.7,,circle,,Plus c'est gros, plus ça passe,,,,,,,,https://en.wikipedia.org/wiki/Big_lie,
7.2,,circle,,Sabotage,,,,,,,,https://en.wikipedia.org/wiki/Sabotage,
7.2.1,,circle,,Fausse piste,,,,,,,,https://en.wikipedia.org/wiki/Red_herring,
7.2.1.1,,circle,,Changer le sujet,,,,,,,,http://www.don-lindsay-archive.org/skeptic/arguments.html#digression,
7.2.1.1.1,,circle,,Digression,,,,,,,,https://fr.wikipedia.org/wiki/Digression,
7.2.1.1.2,,circle,,Interrompre et détourner le débat,,,,,,,,https://fr.wikisource.org/wiki/L%E2%80%99Art_d%E2%80%99avoir_toujours_raison/Stratag%C3%A8me_XVIII,
7.2.1.2,,circle,,Eviter la question,,,,,,,,https://www.logicallyfallacious.com/tools/lp/Bo/LogicalFallacies/61/Avoiding-the-Issue,
7.2.1.2.1,,circle,,Conclusion non pertinente (Ignoratio elenchi),,,,,,,,https://fr.wikipedia.org/wiki/Ignoratio_elenchi,
7.2.1.3,,circle,,Fausse objection,,,,,,,,https://fr.wikipedia.org/wiki/Fausse_objection,
7.2.1.3.1,,circle,,Feindre l'incompréhension,,,,,,,,https://fr.wikisource.org/wiki/L%E2%80%99Art_d%E2%80%99avoir_toujours_raison/Stratag%C3%A8me_XXXI,
7.2.1.3.2,,circle,,Mettre en cause un mauvaise traduction,,,,,,,,,
7.2.1.4,,circle,,Equivalence morale,,,,,,,,http://rationalwiki.org/wiki/Moral_equivalence,
7.2.1.4.1,,circle,,Privation relative (moins pire que),,,,,,,,https://www.logicallyfallacious.com/tools/lp/Bo/LogicalFallacies/155/Relative-Privation,
7.2.1.4.1.1,,circle,,La mauvaise alternative,,,,,,,,http://www.ditext.com/fearnside/36.html,
7.2.1.4.2,,circle,,Le mal par le mal,,,,,,,,http://www.ditext.com/fearnside/35.html,
7.2.1.4.3,,circle,,Raison de la majorité (ad populum),,,,,,,,742a12de-b49a-434a-8634-1bb2ecf2f5c5,
7.2.1.5,,circle,,Question sans sens,,,,,,,,https://www.logicallyfallacious.com/tools/lp/Bo/LogicalFallacies/124/Meaningless-Question,
7.2.1.6,,circle,,Défense Chewbacca,,,,,,,,https://fr.wikipedia.org/wiki/D%C3%A9fense_Chewbacca,
7.2.2,,circle,,Couper les cheveux en quatre,,,,,,,,https://fr.wikisource.org/wiki/L%E2%80%99Art_d%E2%80%99avoir_toujours_raison/Stratag%C3%A8me_XVII,
7.2.2.1,,circle,,Méthode hypercritique,,,,,,,,https://fr.wikipedia.org/wiki/M%C3%A9thode_hypercritique,
7.2.2.2,,circle,,Solution parfaite,,,,,,,,https://en.wikipedia.org/wiki/Nirvana_fallacy,
7.2.2.3,,circle,,Objection triviale,,,,,,,,http://www.bargain-storage.com/uploads/9/8/7/4/9874916/attacking.faulty.reasoning.a.practical.guide.to.fallacyfree.arguments.pdf#page=219,
7.2.3,,circle,,Empoisonner le puits,,,,,,,,https://fr.wikipedia.org/wiki/Empoisonner_le_puits,
7.2.3.1,,circle,,Poser juste des questions,,,,,,,,http://rationalwiki.org/wiki/JAQing_off,
7.2.3.2,,circle,,Convaincre le public et non l'adversaire,,,,,,,,https://fr.wikisource.org/wiki/L%E2%80%99Art_d%E2%80%99avoir_toujours_raison/Stratag%C3%A8me_XXVIII,
7.2.3.3,,circle,,Tactique du complice,,,,,,,,http://rationalwiki.org/wiki/Shill_gambit,
7.2.3.4,,circle,,Démonisation,,,,,,,,http://rationalwiki.org/wiki/Demonization,
7.3,,circle,,Ad hominem,,,,,,,,https://fr.wikipedia.org/wiki/Argumentum_ad_hominem,
7.3.1,,circle,, Engagement inconsistant (Ex concessis),,,,,,,,http://www.dougwalton.ca/papers%20in%20pdf/04historical.pdf,
7.3.1.1,,circle,,Tu Quoque,,,,,,,,https://fr.wikipedia.org/wiki/Argumentum_ad_hominem#Tu_quoque,
7.3.1.1.1,,circle,,Whataboutisme,,,,,,,,http://rationalwiki.org/wiki/Whataboutism,
7.3.1.2,,circle,,Homme de paille,,,,,,,,https://fr.wikipedia.org/wiki/%C3%89pouvantail_(rh%C3%A9torique),
7.3.1.2.1,,circle,,Extension,,,,,,,,https://fr.wikisource.org/wiki/L%E2%80%99Art_d%E2%80%99avoir_toujours_raison/Stratag%C3%A8me_I,
7.3.1.2.2,,circle,,Tirer de fausses conclusions,,,,,,,,https://fr.wikisource.org/wiki/L%E2%80%99Art_d%E2%80%99avoir_toujours_raison/Stratag%C3%A8me_XXIV,
7.3.1.3,,circle,,Faux arguments,,,,,,,,https://fr.wikisource.org/wiki/L%E2%80%99Art_d%E2%80%99avoir_toujours_raison/Stratag%C3%A8me_V,
7.3.1.3.1,,circle,,Utiliser des arguments absurdes,,,,,,,,https://fr.wikisource.org/wiki/L%E2%80%99Art_d%E2%80%99avoir_toujours_raison/Stratag%C3%A8me_XV,
7.3.1.3.2,,circle,,Répondre à de mauvais arguments par de mauvais arguments ,,,,,,,,https://fr.wikisource.org/wiki/L%E2%80%99Art_d%E2%80%99avoir_toujours_raison/Stratag%C3%A8me_XXI,
7.3.1.3.3,,circle,,Accuser d'un petitio principii,,,,,,,,https://fr.wikisource.org/wiki/L%E2%80%99Art_d%E2%80%99avoir_toujours_raison/Stratag%C3%A8me_XXII,
7.3.2,,circle,,Sophisme génétique,,,,,,,,https://fr.wikipedia.org/wiki/Sophisme_g%C3%A9n%C3%A9tique,
7.3.2.1,,circle,,Culpabilité par association,,,,,,,,https://en.wikipedia.org/wiki/Association_fallacy,
7.3.2.1.1,,circle,,Reductio ad Hitlerum,,,,,,,,https://fr.wikipedia.org/wiki/Reductio_ad_Hitlerum,
7.3.2.2,,circle,,Attaque personnelle de circonstance,,,,,,,,https://fr.wikipedia.org/wiki/Argumentum_ad_hominem#Circumstanti.C3.A6,
7.3.2.2.1,,circle,,Appel au motif,,,,,,,,https://en.wikipedia.org/wiki/Appeal_to_motive,
7.3.2.3,,circle,,Appel à l'accomplissement,,,,,,,,#f51c59a1-39fa-4ad9-b878-441f13dddf29,
7.3.2.3.1,,circle,,Compliment empoisonné,,,,,,,,http://rationalwiki.org/wiki/Damning_with_faint_praise,
7.3.2.3.2,,circle,,Ad Fidentia,,,,,,,,https://www.logicallyfallacious.com/tools/lp/Bo/LogicalFallacies/7/Ad-Fidentia,
7.3.2.4,,circle,,Sophisme d'opposition,,,,,,,,http://rationalwiki.org/wiki/Fallacy_of_opposition,
7.3.2.4.1,,circle,,Bulverisme,,,,,,,,https://en.wikipedia.org/wiki/Bulverism,
7.3.2.4.2,,circle,,Jonanisme,,,,,,,,http://rationalwiki.org/wiki/Jonanism,
7.3.2.5,,circle,,Appel à la bande,,,,,,,,http://www.nizkor.org/features/fallacies/bandwagon.html,
7.3.2.5.1,,circle,,Ergo decedo,,,,,,,,https://en.wikipedia.org/wiki/Ergo_decedo,
7.3.3,,circle,,Attaque personnelle (ad Personam),,,,,,,,https://fr.wikipedia.org/wiki/Argumentum_ad_personam,
7.3.3.1,,circle,,Appel à la retenue,,,,,,,,https://en.wikipedia.org/wiki/Tone_policing,
7.3.3.2,,circle,,Taquinerie,,,,,,,,https://en.wikipedia.org/wiki/Taunting,
7.3.3.3,,circle,,Raillerie,,,,,,,,https://en.wiktionary.org/wiki/jibe#Etymology_3,
7.3.3.4,,circle,,Diffamation,,,,,,,,https://en.wikipedia.org/wiki/Defamation,
7.3.3.5,,circle,,Insulte,,,,,,,,https://en.wikipedia.org/wiki/Insult,
7.3.3.5.1,,circle,,Lancer la chaussure,,,,,,,,https://en.wikipedia.org/wiki/List_of_shoe-throwing_incidents,
